-- MySQL dump 10.13  Distrib 8.0.30, for Win64 (x86_64)
--
-- Host: localhost    Database: tekkomdik_intern_gate
-- ------------------------------------------------------
-- Server version	8.0.43

/*!40101 SET @OLD_CHARACTER_SET_CLIENT=@@CHARACTER_SET_CLIENT */;
/*!40101 SET @OLD_CHARACTER_SET_RESULTS=@@CHARACTER_SET_RESULTS */;
/*!40101 SET @OLD_COLLATION_CONNECTION=@@COLLATION_CONNECTION */;
/*!50503 SET NAMES utf8mb4 */;
/*!40103 SET @OLD_TIME_ZONE=@@TIME_ZONE */;
/*!40103 SET TIME_ZONE='+00:00' */;
/*!40014 SET @OLD_UNIQUE_CHECKS=@@UNIQUE_CHECKS, UNIQUE_CHECKS=0 */;
/*!40014 SET @OLD_FOREIGN_KEY_CHECKS=@@FOREIGN_KEY_CHECKS, FOREIGN_KEY_CHECKS=0 */;
/*!40101 SET @OLD_SQL_MODE=@@SQL_MODE, SQL_MODE='NO_AUTO_VALUE_ON_ZERO' */;
/*!40111 SET @OLD_SQL_NOTES=@@SQL_NOTES, SQL_NOTES=0 */;

--
-- Table structure for table `applications`
--

DROP TABLE IF EXISTS `applications`;
/*!40101 SET @saved_cs_client     = @@character_set_client */;
/*!50503 SET character_set_client = utf8mb4 */;
CREATE TABLE `applications` (
  `id` int NOT NULL AUTO_INCREMENT,
  `nama` varchar(100) NOT NULL,
  `email` varchar(100) DEFAULT NULL,
  `nomor_wa` varchar(20) DEFAULT NULL,
  `instansi` varchar(255) DEFAULT NULL,
  `jurusan` varchar(255) DEFAULT NULL,
  `berkas` varchar(255) DEFAULT NULL,
  `tgl_mulai` date DEFAULT NULL,
  `tgl_selesai` date DEFAULT NULL,
  `berkas_url` text,
  `status` enum('Pending','Aktif','Selesai','Ditolak') DEFAULT 'Pending',
  `id_mentor` int DEFAULT NULL,
  `created_at` timestamp NULL DEFAULT CURRENT_TIMESTAMP,
  PRIMARY KEY (`id`),
  UNIQUE KEY `email` (`email`),
  KEY `id_mentor` (`id_mentor`),
  CONSTRAINT `applications_ibfk_1` FOREIGN KEY (`id_mentor`) REFERENCES `mentors` (`id`)
) ENGINE=InnoDB AUTO_INCREMENT=223 DEFAULT CHARSET=utf8mb4 COLLATE=utf8mb4_general_ci;
/*!40101 SET character_set_client = @saved_cs_client */;

--
-- Dumping data for table `applications`
--

LOCK TABLES `applications` WRITE;
/*!40000 ALTER TABLE `applications` DISABLE KEYS */;
INSERT INTO `applications` VALUES (1,'Alamsyah Aldeta Putra','alamsyahaldetaputra680@mail.com',NULL,'UGM','Teknologi Rekayasa Perangkat Lunak',NULL,'2024-09-09','2025-01-10',NULL,'Selesai',1,'2026-02-05 13:06:18'),(2,'Jeni Nur Hastuti','jeninurhastuti669@mail.com',NULL,'SMK Muh 4 Yogyakarta','Rekayasa Peringkat Lunak',NULL,'2024-08-01','2025-01-31',NULL,'Selesai',2,'2026-02-05 13:06:18'),(3,'Mishellin Azzahra H','mishellinazzahrah145@mail.com',NULL,'SMK Muh 4 Yogyakarta','Rekayasa Peringkat Lunak',NULL,'2024-08-01','2025-01-31',NULL,'Selesai',2,'2026-02-05 13:06:18'),(4,'Felita Wildania Erdian','felitawildaniaerdian526@mail.com',NULL,'SMK Muh 4 Yogyakarta','Rekayasa Peringkat Lunak',NULL,'2024-08-01','2025-01-31',NULL,'Selesai',2,'2026-02-05 13:06:18'),(5,'A.Julianrangga Syahputra','a.julianranggasyahputra614@mail.com',NULL,'SMK N 2 Depok Sleman','Teknologi Elektronika Komunikasi',NULL,'2024-11-04','2025-04-11',NULL,'Selesai',3,'2026-02-05 13:06:18'),(6,'Abdul Aziz','abdulaziz996@mail.com',NULL,'SMK N 2 Depok Sleman','Teknologi Elektronika Komunikasi',NULL,'2024-11-04','2025-04-11',NULL,'Selesai',3,'2026-02-05 13:06:18'),(7,'Benediktus Christian G','benediktuschristiang179@mail.com',NULL,'SMK N 2 Depok Sleman','Teknologi Elektronika Komunikasi',NULL,'2024-11-04','2025-04-11',NULL,'Selesai',3,'2026-02-05 13:06:18'),(8,'Rizqi Arifian Nurhidayat','rizqiarifiannurhidayat274@mail.com',NULL,'SMK N 2 Depok Sleman','Teknologi Elektronika Komunikasi',NULL,'2024-11-04','2025-04-11',NULL,'Selesai',3,'2026-02-05 13:06:18'),(9,'Roihanah Siddiqoh','roihanahsiddiqoh792@mail.com',NULL,'SMK N 1 LOSARANG','Teknik Jaringan Komputer dan Telekomunikasi',NULL,'2024-12-01','2025-03-30',NULL,'Selesai',4,'2026-02-05 13:06:18'),(10,'Bayu Arya Seta','bayuaryaseta553@mail.com',NULL,'SMK N 1 LOSARANG','Teknik Jaringan Komputer dan Telekomunikasi',NULL,'2024-12-01','2025-03-30',NULL,'Selesai',4,'2026-02-05 13:06:18'),(11,'Muhammad Rafiq','muhammadrafiq890@mail.com',NULL,'SMK N 1 LOSARANG','Teknik Jaringan Komputer dan Telekomunikasi',NULL,'2024-12-01','2025-03-30',NULL,'Selesai',4,'2026-02-05 13:06:18'),(12,'Riang Dwi Laura','riangdwilaura15@mail.com',NULL,'SMK N 1 LOSARANG','Teknik Jaringan Komputer dan Telekomunikasi',NULL,'2024-12-01','2025-03-30',NULL,'Selesai',4,'2026-02-05 13:06:18'),(13,'Melisah Salsa Bila','melisahsalsabila47@mail.com',NULL,'SMK N 1 LOSARANG','Teknik Jaringan Komputer dan Telekomunikasi',NULL,'2024-12-01','2025-03-30',NULL,'Selesai',4,'2026-02-05 13:06:18'),(14,'Ersa Zahrani Ata','ersazahraniata773@mail.com',NULL,'Universitas UAD','Ilmu Komunikasi',NULL,'2024-12-02','2025-01-02',NULL,'Selesai',3,'2026-02-05 13:06:18'),(15,'Hasna Widya Syafrilla','hasnawidyasyafrilla405@mail.com',NULL,'Universitas UAD','Ilmu Komunikasi',NULL,'2024-12-02','2025-01-02',NULL,'Selesai',3,'2026-02-05 13:06:18'),(16,'Adi Kurniawan','adikurniawan402@mail.com',NULL,'SMK N 2 Wonosari','Desaian Komunikasi Visual',NULL,'2024-12-02','2025-04-05',NULL,'Selesai',5,'2026-02-05 13:06:18'),(17,'Mahir Wahananto','mahirwahananto285@mail.com',NULL,'SMK N 2 Wonosari','Desaian Komunikasi Visual',NULL,'2024-12-02','2025-04-05',NULL,'Selesai',5,'2026-02-05 13:06:18'),(18,'Akmal Fajrul Hakam','akmalfajrulhakam500@mail.com',NULL,'SMK Piri 1 Yogyakarta','Teknik Komputer dan Jaringan',NULL,'2025-02-01','2025-04-30',NULL,'Selesai',6,'2026-02-05 13:06:19'),(19,'Candra Adi Nugroho','candraadinugroho806@mail.com',NULL,'SMK Piri 1 Yogyakarta','Teknik Komputer dan Jaringan',NULL,'2025-02-01','2025-04-30',NULL,'Selesai',6,'2026-02-05 13:06:19'),(20,'Dita Annisa Ramadhani','ditaannisaramadhani270@mail.com',NULL,'SMK Piri 1 Yogyakarta','Teknik Komputer dan Jaringan',NULL,'2025-02-01','2025-04-30',NULL,'Selesai',6,'2026-02-05 13:06:19'),(21,'Nasya Fritzie Augusta R','nasyafritzieaugustar43@mail.com',NULL,'SMK Piri 1 Yogyakarta','Teknik Komputer dan Jaringan',NULL,'2025-02-01','2025-04-30',NULL,'Selesai',6,'2026-02-05 13:06:19'),(22,'Ismail Rama Dana','ismailramadana743@mail.com',NULL,'SMK Piri 1 Yogyakarta','Teknik Komputer dan Jaringan',NULL,'2025-02-01','2025-04-30',NULL,'Selesai',6,'2026-02-05 13:06:19'),(23,'Marchellino Dzaki Yuwana','marchellinodzakiyuwana61@mail.com',NULL,'SMK N 1 Pundong Bantul','Teknik Komputer dan Jaringan',NULL,'2025-07-01','2025-10-31',NULL,'Selesai',6,'2026-02-05 13:06:19'),(24,'Dandi Eka Saputra','dandiekasaputra103@mail.com',NULL,'SMK N 1 Pundong Bantul','Teknik Komputer dan Jaringan',NULL,'2025-07-01','2025-10-31',NULL,'Selesai',6,'2026-02-05 13:06:19'),(25,'Cinta Amalindah','cintaamalindah100@mail.com',NULL,'SMK N 1 Pundong Bantul','Teknik Komputer dan Jaringan',NULL,'2025-07-01','2025-10-31',NULL,'Selesai',6,'2026-02-05 13:06:19'),(26,'Dini Ikfina Mashlakhah','diniikfinamashlakhah637@mail.com',NULL,'SMK N 1 Pundong Bantul','Teknik Komputer dan Jaringan',NULL,'2025-07-01','2025-10-31',NULL,'Selesai',6,'2026-02-05 13:06:19'),(27,'Eka Nur Rohman','ekanurrohman573@mail.com',NULL,'SMK N 2 Pengasih','Teknik Jaringan Komputer dan Telekomunikasi',NULL,'2025-10-01','2026-01-31',NULL,'Selesai',2,'2026-02-05 13:06:19'),(28,'Fahri Raka Alfarizki','fahrirakaalfarizki612@mail.com',NULL,'SMK N 2 Pengasih','Teknik Jaringan Komputer dan Telekomunikasi',NULL,'2025-10-01','2026-01-31',NULL,'Selesai',2,'2026-02-05 13:06:19'),(29,'Farel Okta Ananta','fareloktaananta569@mail.com',NULL,'SMK N 2 Pengasih','Teknik Jaringan Komputer dan Telekomunikasi',NULL,'2025-10-01','2026-01-31',NULL,'Selesai',2,'2026-02-05 13:06:19'),(30,'Rayhan Alfarizi','rayhanalfarizi534@mail.com',NULL,'SMK N 2 Pengasih','Teknik Jaringan Komputer dan Telekomunikasi',NULL,'2025-10-01','2026-01-31',NULL,'Selesai',2,'2026-02-05 13:06:19'),(31,'Novi Puspita Sari','novipuspitasari414@mail.com',NULL,'SMK N 1 Demak Jawa Tengah','Broadcasting dan Perfilman',NULL,'2024-12-24','2025-04-01',NULL,'Selesai',5,'2026-02-05 13:06:19'),(32,'Tia Erfiana','tiaerfiana202@mail.com',NULL,'SMK N 1 Demak Jawa Tengah','Broadcasting dan Perfilman',NULL,'2024-12-24','2025-04-01',NULL,'Selesai',5,'2026-02-05 13:06:19'),(33,'Zakky Qaswa Falahuddin','zakkyqaswafalahuddin456@mail.com',NULL,'SMK N 1 Demak Jawa Tengah','Broadcasting dan Perfilman',NULL,'2024-12-24','2025-04-01',NULL,'Selesai',5,'2026-02-05 13:06:19'),(34,'Arifin Nur Sahid','arifinnursahid87@mail.com',NULL,'UTDI Yogyakarta','Ilmu Informatika',NULL,'2025-01-01','2025-03-01',NULL,'Selesai',1,'2026-02-05 13:06:19'),(35,'Raihan Riko Farandsyah','raihanrikofarandsyah383@mail.com',NULL,'UTDI Yogyakarta','Ilmu Informatika',NULL,'2025-01-01','2025-03-01',NULL,'Selesai',1,'2026-02-05 13:06:19'),(36,'Hanung Aryo Damar','hanungaryodamar736@mail.com',NULL,'UTDI Yogyakarta','Ilmu Informatika',NULL,'2025-01-01','2025-03-01',NULL,'Selesai',1,'2026-02-05 13:06:19'),(37,'Muhammad Maulana Ihsan','muhammadmaulanaihsan664@mail.com',NULL,'UTDI Yogyakarta','Ilmu Informatika',NULL,'2025-01-01','2025-03-01',NULL,'Selesai',1,'2026-02-05 13:06:19'),(38,'Kristofarus Nanda Mahardhian','kristofarusnandamahardhian566@mail.com',NULL,'UTDI Yogyakarta','Ilmu Informatika',NULL,'2025-01-01','2025-03-01',NULL,'Selesai',1,'2026-02-05 13:06:19'),(39,'Abdul Azzam Rohmatulloh','abdulazzamrohmatulloh220@mail.com',NULL,'UIN Sunankalijaga DIY','Broadcasting',NULL,'2025-02-01','2025-06-01',NULL,'Selesai',3,'2026-02-05 13:06:19'),(40,'Alya Loishandra','alyaloishandra556@mail.com',NULL,'UIN Sunankalijaga DIY','Broadcasting',NULL,'2025-02-01','2025-06-01',NULL,'Selesai',3,'2026-02-05 13:06:19'),(41,'Kynanti Eka Putri Lestari','kynantiekaputrilestari904@mail.com',NULL,'SMK MUHAMMADIYAH 3 YK','Teknik Jaringan Komputer dan Telekomunikasi',NULL,'2025-07-28','2025-11-21',NULL,'Selesai',4,'2026-02-05 13:06:19'),(42,'Sazqia Nabella Rossa','sazqianabellarossa828@mail.com',NULL,'SMK MUHAMMADIYAH 3 YK','Teknik Jaringan Komputer dan Telekomunikasi',NULL,'2025-07-28','2025-11-21',NULL,'Selesai',4,'2026-02-05 13:06:19'),(43,'Ilham Khoirul Anam','ilhamkhoirulanam155@mail.com',NULL,'UNSIQ Jawa Tengah','S-1 Komunikasi dan Penyiaran Islam',NULL,'2025-01-20','2025-02-28',NULL,'Selesai',5,'2026-02-05 13:06:19'),(44,'Nurhalimah','nurhalimah502@mail.com',NULL,'UNSIQ Jawa Tengah','S-1 Komunikasi dan Penyiaran Islam',NULL,'2025-01-20','2025-02-28',NULL,'Selesai',5,'2026-02-05 13:06:19'),(45,'Putri Liyana','putriliyana926@mail.com',NULL,'UNSIQ Jawa Tengah','S-1 Komunikasi dan Penyiaran Islam',NULL,'2025-01-20','2025-02-28',NULL,'Selesai',5,'2026-02-05 13:06:19'),(46,'Ahmad Labibullubab','ahmadlabibullubab378@mail.com',NULL,'UNSIQ Jawa Tengah','S-1 Komunikasi dan Penyiaran Islam',NULL,'2025-01-20','2025-02-28',NULL,'Selesai',5,'2026-02-05 13:06:19'),(47,'Khansa Fathiya Husna','khansafathiyahusna629@mail.com',NULL,'UAD Yogyakarta','Ilmu Komunikasi',NULL,'2025-02-03','2025-02-28',NULL,'Selesai',5,'2026-02-05 13:06:19'),(48,'Muhamad Rifki M','muhamadrifkim376@mail.com',NULL,'SMK N 2 YOGYAKARTA','Desain Komunikasi Visual',NULL,'2025-06-02','2025-10-18',NULL,'Selesai',7,'2026-02-05 13:06:19'),(49,'Tirta Wulansari H','tirtawulansarih962@mail.com',NULL,'SMK N 2 YOGYAKARTA','Desain Komunikasi Visual',NULL,'2025-06-02','2025-10-18',NULL,'Selesai',7,'2026-02-05 13:06:19'),(50,'Diah Novita Enjelita','diahnovitaenjelita749@mail.com',NULL,'SMK N 1 Ngawen','Teknik Komputer dan Jaringan',NULL,'2024-05-05','2024-12-05',NULL,'Selesai',6,'2026-02-05 13:06:19'),(51,'Syfifa Ardhanova','syfifaardhanova356@mail.com',NULL,'SMK N 1 Ngawen','Teknik Komputer dan Jaringan',NULL,'2024-05-05','2024-12-05',NULL,'Selesai',6,'2026-02-05 13:06:19'),(52,'Irwan Yunanta Pratama','irwanyunantapratama191@mail.com',NULL,'SMK N 1 Kasihan','Seni Teater',NULL,'2025-06-23','2025-09-23',NULL,'Selesai',8,'2026-02-05 13:06:19'),(53,'Jena Feny Ardani','jenafenyardani539@mail.com',NULL,'SMK N 1 Kasihan','Seni Teater',NULL,'2025-06-23','2025-09-23',NULL,'Selesai',8,'2026-02-05 13:06:19'),(54,'Mutia Haya Naila','mutiahayanaila303@mail.com',NULL,'SMK N 1 Kasihan','Seni Teater',NULL,'2025-06-23','2025-09-23',NULL,'Selesai',8,'2026-02-05 13:06:19'),(55,'Riva Amanita','rivaamanita393@mail.com',NULL,'SMK N 1 Kasihan','Seni Teater',NULL,'2025-06-23','2025-09-23',NULL,'Selesai',8,'2026-02-05 13:06:19'),(56,'Arsya Aditya Wardhana','arsyaadityawardhana450@mail.com',NULL,'SMK N 1 Pleret','Teknik Komputer dan Jaringan',NULL,'2025-07-01','2025-11-30',NULL,'Selesai',4,'2026-02-05 13:06:19'),(57,'Ilham Nurdiansyah','ilhamnurdiansyah207@mail.com',NULL,'SMK N 1 Pleret','Teknik Komputer dan Jaringan',NULL,'2025-07-01','2025-11-30',NULL,'Selesai',4,'2026-02-05 13:06:19'),(58,'Khoirun Nafi\"il Umam','khoirunnafi\"ilumam328@mail.com',NULL,'SMK N 1 Pleret','Teknik Komputer dan Jaringan',NULL,'2025-07-01','2025-11-30',NULL,'Selesai',4,'2026-02-05 13:06:19'),(59,'Nur Setya Nugroho','nursetyanugroho680@mail.com',NULL,'SMK N 1 Pleret','Teknik Komputer dan Jaringan',NULL,'2025-07-01','2025-11-30',NULL,'Selesai',4,'2026-02-05 13:06:19'),(60,'Carlotte Atma Kesya putri','carlotteatmakesyaputri779@mail.com',NULL,'SMK N 2 SEWON','Produksi Siaran Program Televisi',NULL,'2025-07-14','2025-11-14',NULL,'Selesai',7,'2026-02-05 13:06:19'),(61,'Dana Aprilia Rahma Sari','danaapriliarahmasari839@mail.com',NULL,'SMK N 2 SEWON','Produksi Siaran Program Televisi',NULL,'2025-07-14','2025-11-14',NULL,'Selesai',7,'2026-02-05 13:06:19'),(62,'Khaila Dewi Haditsya','khailadewihaditsya2@mail.com',NULL,'SMK N 2 SEWON','Produksi Siaran Program Televisi',NULL,'2025-07-14','2025-11-14',NULL,'Selesai',7,'2026-02-05 13:06:19'),(63,'Syifa Emilia Putri','syifaemiliaputri242@mail.com',NULL,'SMK N 2 SEWON','Produksi Siaran Program Televisi',NULL,'2025-07-14','2025-11-14',NULL,'Selesai',7,'2026-02-05 13:06:20'),(64,'Zul Azizah Adella Imani','zulazizahadellaimani548@mail.com',NULL,'UTY','Ilmu Komunikasi',NULL,'2025-07-07','2025-08-22',NULL,'Selesai',3,'2026-02-05 13:06:20'),(65,'Putr Ayu Renggani','putrayurenggani364@mail.com',NULL,'UTY','Ilmu Komunikasi',NULL,'2025-07-07','2025-08-22',NULL,'Selesai',3,'2026-02-05 13:06:20'),(66,'Aswangga Sujati','aswanggasujati146@mail.com',NULL,'UIN','Informatika',NULL,'2025-07-15','2025-08-15',NULL,'Selesai',1,'2026-02-05 13:06:20'),(67,'Akbel Varianto Walda','akbelvariantowalda24@mail.com',NULL,'UIN','Informatika',NULL,'2025-07-15','2025-08-15',NULL,'Selesai',1,'2026-02-05 13:06:20'),(68,'M Ibnu Shina Afwal Barry','mibnushinaafwalbarry101@mail.com',NULL,'UMY','Komunikasi Penyiaran Islam',NULL,'2025-07-20','2025-09-01',NULL,'Selesai',3,'2026-02-05 13:06:20'),(69,'Gysela Augustin Ronauli Situngkir','gyselaaugustinronaulisitungkir965@mail.com',NULL,'UNY','Teknologi Kependidikan',NULL,'2025-01-01','2025-03-01',NULL,'Selesai',9,'2026-02-05 13:06:20'),(70,'Ardita Citra Choirunisa','arditacitrachoirunisa739@mail.com',NULL,'UNY','Teknologi Kependidikan',NULL,'2025-01-01','2025-03-01',NULL,'Selesai',9,'2026-02-05 13:06:20'),(71,'Fita Nurohayati','fitanurohayati692@mail.com',NULL,'UNY','Teknologi Kependidikan',NULL,'2025-01-01','2025-03-01',NULL,'Selesai',9,'2026-02-05 13:06:20'),(72,'Angela Octavia Wiliane Shanchadevi','angelaoctaviawilianeshanchadevi379@mail.com',NULL,'UNY','Teknologi Kependidikan',NULL,'2025-01-01','2025-03-01',NULL,'Selesai',9,'2026-02-05 13:06:20'),(73,'Gregorius Dennys Adiba Putra','gregoriusdennysadibaputra436@mail.com',NULL,'UNY','Teknologi Kependidikan',NULL,'2025-01-01','2025-03-01',NULL,'Selesai',9,'2026-02-05 13:06:20'),(74,'Bima Febriansyah Dwi Nugroho','bimafebriansyahdwinugroho596@mail.com',NULL,'UNY','Teknologi Kependidikan',NULL,'2025-01-01','2025-03-01',NULL,'Selesai',9,'2026-02-05 13:06:20'),(75,'Azis Faturrochman','azisfaturrochman551@mail.com',NULL,'UMY','Ilmu Komunikasi',NULL,'2025-08-01','2025-09-10',NULL,'Selesai',3,'2026-02-05 13:06:20'),(76,'Nurul Hanifah','nurulhanifah284@mail.com',NULL,'UMY','Ilmu Komunikasi',NULL,'2025-08-01','2025-09-10',NULL,'Selesai',3,'2026-02-05 13:06:20'),(77,'Julio Fista','juliofista917@mail.com',NULL,'UMY','Ilmu Komunikasi',NULL,'2025-08-01','2025-10-01',NULL,'Selesai',3,'2026-02-05 13:06:20'),(78,'Fahrul Rozi','fahrulrozi350@mail.com',NULL,'UMY','Ilmu Komunikasi',NULL,'2025-09-01','2025-11-01',NULL,'Selesai',3,'2026-02-05 13:06:20'),(79,'Januantiva Adinda Zakiyah','januantivaadindazakiyah988@mail.com',NULL,'UMY','Ilmu Komunikasi',NULL,'2025-09-01','2025-11-01',NULL,'Selesai',3,'2026-02-05 13:06:20'),(80,'Aprilla Putri Pertiwi','aprillaputripertiwi668@mail.com',NULL,'STIKOM','Ilmu Komunikasi',NULL,'2025-08-01','2025-09-30',NULL,'Selesai',5,'2026-02-05 13:06:20'),(81,'Dzaky Ammar Raya Kurniawan','dzakyammarrayakurniawan366@mail.com',NULL,'STIKOM','Ilmu Komunikasi',NULL,'2025-08-01','2025-09-30',NULL,'Selesai',5,'2026-02-05 13:06:20'),(82,'Khairul Nisa Panislestari','khairulnisapanislestari117@mail.com',NULL,'ALMA ATA','Sistem Informatika',NULL,'2025-08-01','2025-10-31',NULL,'Selesai',1,'2026-02-05 13:06:20'),(83,'Fatimah Ananda Permadani.HSG','fatimahanandapermadani.hsg789@mail.com',NULL,'ALMA ATA','Sistem Informatika',NULL,'2025-08-01','2025-10-31',NULL,'Selesai',1,'2026-02-05 13:06:20'),(84,'Deliko Setono Putro','delikosetonoputro756@mail.com',NULL,'SMKN 1 Tempel','Teknik Komputer dan Jaringan',NULL,'2025-11-10','2026-04-02',NULL,'Selesai',10,'2026-02-05 13:06:20'),(85,'Yoga Pandu Wicaksono','yogapanduwicaksono851@mail.com',NULL,'SMKN 1 Tempel','Teknik Komputer dan Jaringan',NULL,'2025-11-10','2026-04-02',NULL,'Selesai',10,'2026-02-05 13:06:20'),(86,'Farras Daffa Yasarramadhan','farrasdaffayasarramadhan920@mail.com',NULL,'ALMA ATA','Informatika',NULL,'2025-08-01','2025-11-30',NULL,'Selesai',1,'2026-02-05 13:06:20'),(87,'Amelia Wilhelmina Toma','ameliawilhelminatoma770@mail.com',NULL,'UTDI Yogyakarta','Informatika',NULL,'2025-07-28','2025-09-28',NULL,'Selesai',2,'2026-02-05 13:06:20'),(88,'Paulina Tasekab','paulinatasekab510@mail.com',NULL,'UTDI Yogyakarta','Informatika',NULL,'2025-07-28','2025-09-28',NULL,'Selesai',2,'2026-02-05 13:06:20'),(89,'Isabela Tefa','isabelatefa423@mail.com',NULL,'UTDI Yogyakarta','Informatika',NULL,'2025-07-28','2025-09-28',NULL,'Selesai',2,'2026-02-05 13:06:20'),(90,'Dwi Nur Intan','dwinurintan248@mail.com',NULL,'AMIKOM','Ilmu Komunikasi',NULL,'2025-08-01','2025-09-30',NULL,'Selesai',5,'2026-02-05 13:06:20'),(91,'Locha Dinda Astriningsi Bahar','lochadindaastriningsibahar59@mail.com',NULL,'AMIKOM','Ilmu Komunikasi',NULL,'2025-08-01','2025-09-30',NULL,'Selesai',5,'2026-02-05 13:06:20'),(92,'Fathira Rahmadina','fathirarahmadina496@mail.com',NULL,'AMIKOM','Ilmu Komunikasi',NULL,'2025-08-01','2025-09-30',NULL,'Selesai',5,'2026-02-05 13:06:20'),(93,'Fadila Zahra Andriyani','fadilazahraandriyani361@mail.com',NULL,'AMIKOM','Ilmu Komunikasi',NULL,'2025-08-01','2025-09-30',NULL,'Selesai',5,'2026-02-05 13:06:20'),(94,'Dea Senja Praweni','deasenjapraweni620@mail.com',NULL,'UMY','Ilmu Komunikasi/Advertising',NULL,'2025-08-10','2025-09-15',NULL,'Selesai',5,'2026-02-05 13:06:20'),(95,'Itsnaini Ummi Khasanah','itsnainiummikhasanah273@mail.com',NULL,'ALMA ATA','Sistem Informatika',NULL,'2025-08-01','2025-10-31',NULL,'Selesai',1,'2026-02-05 13:06:20'),(96,'Hanisa','hanisa643@mail.com',NULL,'ALMA ATA','Sistem Informatika',NULL,'2025-08-01','2025-10-31',NULL,'Selesai',1,'2026-02-05 13:06:20'),(97,'Malik Wisnu Wijaya','malikwisnuwijaya624@mail.com',NULL,'UMY','S1 Ilmu Komunikasi',NULL,'2025-09-11','2025-10-31',NULL,'Selesai',3,'2026-02-05 13:06:20'),(98,'Fajar Fenanda Yosiga','fajarfenandayosiga768@mail.com',NULL,'UMY','S1 Ilmu Komunikasi',NULL,'2025-09-11','2025-10-31',NULL,'Selesai',3,'2026-02-05 13:06:20'),(99,'Syavina Jannah','syavinajannah158@mail.com',NULL,'AMIKOM','Ilmu Komunikas',NULL,'2025-10-01','2025-11-01',NULL,'Selesai',5,'2026-02-05 13:06:20'),(100,'Maria Alika Putri Rendrawijaya','mariaalikaputrirendrawijaya632@mail.com',NULL,'AMIKOM','Ilmu Komunikas',NULL,'2025-10-01','2025-11-01',NULL,'Selesai',5,'2026-02-05 13:06:20'),(101,'Rafiq Rasya Bintaher','rafiqrasyabintaher893@mail.com',NULL,'AMIKOM','Ilmu Komunikas',NULL,'2025-10-01','2025-11-28',NULL,'Selesai',5,'2026-02-05 13:06:20'),(102,'Syabrina Dwi Syahani','syabrinadwisyahani163@mail.com',NULL,'AMIKOM','Ilmu Komunikas',NULL,'2025-10-01','2025-11-28',NULL,'Selesai',5,'2026-02-05 13:06:20'),(103,'R Widya Mustika','rwidyamustika861@mail.com',NULL,'AMIKOM','Ilmu Komunikas',NULL,'2025-10-01','2025-11-28',NULL,'Selesai',5,'2026-02-05 13:06:20'),(104,'Eliva Damar Kusuma Ratri','elivadamarkusumaratri520@mail.com',NULL,'AMIKOM','Ilmu Komunikas',NULL,'2025-10-01','2025-11-28',NULL,'Selesai',5,'2026-02-05 13:06:20'),(105,'Auliaul Karimah','auliaulkarimah120@mail.com',NULL,'AMIKOM','Ilmu Komunikas',NULL,'2025-10-01','2025-11-28',NULL,'Selesai',5,'2026-02-05 13:06:20'),(106,'Salsa Tyana Syahira','salsatyanasyahira808@mail.com',NULL,'AMIKOM','Ilmu Komunikas',NULL,'2025-10-01','2025-11-28',NULL,'Selesai',5,'2026-02-05 13:06:20'),(107,'Aqlina Miftahul Ussiam','aqlinamiftahulussiam913@mail.com',NULL,'Mercu Buana','Ilmu Komunikasi',NULL,'2025-10-01','2025-10-31',NULL,'Selesai',11,'2026-02-05 13:06:21'),(108,'Evi Fani Tanta Ginting','evifanitantaginting808@mail.com',NULL,'Mercu Buana','Ilmu Komunikasi',NULL,'2025-10-01','2025-11-30',NULL,'Selesai',11,'2026-02-05 13:06:21'),(109,'Muhammad Lavio Samudra','muhammadlaviosamudra572@mail.com',NULL,'Mercu Buana','Ilmu Komunikasi',NULL,'2025-10-01','2025-11-30',NULL,'Selesai',11,'2026-02-05 13:06:21'),(110,'Maria Chandrayani Bai Nai','mariachandrayanibainai694@mail.com',NULL,'Mercu Buana','Ilmu Komunikasi',NULL,'2025-10-01','2025-11-30',NULL,'Selesai',11,'2026-02-05 13:06:21'),(111,'Ighar Agwam Malazi','igharagwammalazi737@mail.com',NULL,'UIN','Broadcasting',NULL,'2025-11-01','2025-12-31',NULL,'Selesai',12,'2026-02-05 13:06:21'),(112,'Fadilah Hafizh Nugroho','fadilahhafizhnugroho216@mail.com',NULL,'UIN','Broadcasting',NULL,'2025-11-01','2025-12-31',NULL,'Selesai',12,'2026-02-05 13:06:21'),(113,'Mohammad Rendy Saputra','mohammadrendysaputra222@mail.com',NULL,'UIN','Broadcasting',NULL,'2025-11-01','2025-12-31',NULL,'Selesai',12,'2026-02-05 13:06:21'),(114,'Ahmad Faiz Jaysurrahman','ahmadfaizjaysurrahman490@mail.com',NULL,'UIN','Broadcasting',NULL,'2025-11-01','2025-12-31',NULL,'Selesai',12,'2026-02-05 13:06:21'),(115,'Rafid Hanif Ramadhan','rafidhaniframadhan132@mail.com',NULL,'SMK N 2 Wonosari','Desaian Komunikasi Visual',NULL,'2024-12-02','2025-04-05',NULL,'Selesai',7,'2026-02-05 13:06:21'),(116,'Keysa Rahmadhani Azahra','keysarahmadhaniazahra449@mail.com',NULL,'SMKN 1 Saptosari','Teknik Komputer dan Jaringan',NULL,'2025-11-01','2026-04-30',NULL,'Selesai',6,'2026-02-05 13:06:21'),(117,'Khanaya Wihikanestani','khanayawihikanestani709@mail.com',NULL,'SMKN 1 Saptosari','Teknik Komputer dan Jaringan',NULL,'2025-11-01','2026-04-30',NULL,'Selesai',6,'2026-02-05 13:06:21'),(118,'Syafika izawati Aura','syafikaizawatiaura468@mail.com',NULL,'SMKN 1 Saptosari','Teknik Komputer dan Jaringan',NULL,'2025-11-01','2026-04-30',NULL,'Selesai',6,'2026-02-05 13:06:21'),(119,'Amelia Wulandari','ameliawulandari723@mail.com',NULL,'SMKN Demak','Broadcasting dan Perfilman',NULL,'2025-12-22','2026-04-24',NULL,'Selesai',11,'2026-02-05 13:06:21'),(120,'Asma Diyan Pratama','asmadiyanpratama449@mail.com',NULL,'SMKN Demak','Broadcasting dan Perfilman',NULL,'2025-12-22','2026-04-24',NULL,'Selesai',11,'2026-02-05 13:06:21'),(121,'Aura Alvi Syahriyyah','auraalvisyahriyyah748@mail.com',NULL,'SMKN Demak','Broadcasting dan Perfilman',NULL,'2025-12-22','2026-04-24',NULL,'Selesai',11,'2026-02-05 13:06:21'),(122,'Dannes Novda Linda','dannesnovdalinda729@mail.com',NULL,'SMKN Demak','Broadcasting dan Perfilman',NULL,'2025-12-22','2026-04-24',NULL,'Selesai',11,'2026-02-05 13:06:21'),(123,'Kumala Ayu Arista','kumalaayuarista746@mail.com',NULL,'SMK N 2 DEPOK Sleman','Teknik Elektronika Komunikasi',NULL,'2025-11-10','2026-04-17',NULL,'Selesai',10,'2026-02-05 13:06:21'),(124,'Pradipta Aryaputra Cahyana Adi','pradiptaaryaputracahyanaadi868@mail.com',NULL,'SMK N 2 DEPOK Sleman','Teknik Elektronika Komunikasi',NULL,'2025-11-10','2026-04-17',NULL,'Selesai',10,'2026-02-05 13:06:21'),(125,'Rizky Tirta Nugraha','rizkytirtanugraha861@mail.com',NULL,'SMK N 2 DEPOK Sleman','Teknik Elektronika Komunikasi',NULL,'2025-11-10','2026-04-17',NULL,'Selesai',10,'2026-02-05 13:06:21'),(126,'Rayhan Ramadhani Saputra','rayhanramadhanisaputra359@mail.com',NULL,'SMK N 2 DEPOK Sleman','Teknik Elektronika Komunikasi',NULL,'2025-11-10','2026-04-17',NULL,'Selesai',10,'2026-02-05 13:06:21'),(127,'Ndaru Prastowo','ndaruprastowo129@mail.com',NULL,'SMK N 2 DEPOK Sleman','Teknik Elektronika Komunikasi',NULL,'2025-11-10','2026-04-17',NULL,'Selesai',10,'2026-02-05 13:06:21'),(128,'Radithya Wastu Pamilih','radithyawastupamilih397@mail.com',NULL,'SMK N 2 DEPOK Sleman','Teknik Elektronika Komunikasi',NULL,'2025-11-10','2026-04-17',NULL,'Selesai',10,'2026-02-05 13:06:21'),(129,'Afrizal Nabil Zailani','afrizalnabilzailani193@mail.com',NULL,'SMKN 2 Wonosari','Desain Komunikasi Visual/Multimedia',NULL,'2025-12-01','2026-04-10',NULL,'Selesai',7,'2026-02-05 13:06:21'),(130,'Iqbal El Rizqi Fauzie','iqbalelrizqifauzie515@mail.com',NULL,'SMKN 2 Wonosari','Desain Komunikasi Visual/Multimedia',NULL,'2025-12-01','2026-04-10',NULL,'Selesai',7,'2026-02-05 13:06:21'),(131,'Panji Pujiharto','panjipujiharto807@mail.com',NULL,'SMKN 2 Wonosari','Desain Komunikasi Visual/Multimedia',NULL,'2025-12-01','2026-04-10',NULL,'Selesai',7,'2026-02-05 13:06:21'),(132,'Yatma Nurcahyo Ramadhan','yatmanurcahyoramadhan368@mail.com',NULL,'SMKN 2 Wonosari','Desain Komunikasi Visual/Multimedia',NULL,'2025-12-01','2026-04-10',NULL,'Selesai',7,'2026-02-05 13:06:21'),(133,'Fairuz Syfa Wibowo','fairuzsyfawibowo500@mail.com',NULL,'UNY','Ilmu Komunikasi',NULL,'2025-10-01','2025-11-20',NULL,'Selesai',3,'2026-02-05 13:06:21'),(134,'Brian Abdullah Sitorus Pane','brianabdullahsitoruspane617@mail.com',NULL,'UNY','Ilmu Komunikasi',NULL,'2025-10-01','2025-10-08',NULL,'Selesai',3,'2026-02-05 13:06:21'),(135,'Raden Yodha Janardanu Darumaulana','radenyodhajanardanudarumaulana393@mail.com',NULL,'UNY','Ilmu Komunikasi',NULL,'2025-10-01','2025-11-08',NULL,'Selesai',3,'2026-02-05 13:06:21'),(136,'Salsabila Calysa Purnama','salsabilacalysapurnama692@mail.com',NULL,'UNY','Ilmu Komunikasi',NULL,'2025-10-20','2025-12-08',NULL,'Selesai',3,'2026-02-05 13:06:21'),(137,'Tri Rizkqi Ramadhani','tririzkqiramadhani197@mail.com',NULL,'UPN','Sistem Informasi',NULL,'2025-12-22','2026-02-06',NULL,'Selesai',1,'2026-02-05 13:06:21'),(138,'Destiana Bunga Amalia','destianabungaamalia492@mail.com',NULL,'UPN','Sistem Informasi',NULL,'2025-12-22','2026-02-06',NULL,'Selesai',1,'2026-02-05 13:06:21'),(139,'Rafid Teja Mutaqin','rafidtejamutaqin694@mail.com',NULL,'UPN','Sistem Informasi',NULL,'2026-01-05','2026-02-20',NULL,'Selesai',1,'2026-02-05 13:06:21'),(140,'Zada Wirayuda Sugiarto','zadawirayudasugiarto630@mail.com',NULL,'UPN','Sistem Informasi',NULL,'2026-01-05','2026-02-20',NULL,'Selesai',1,'2026-02-05 13:06:21'),(141,'Fatma Triana','fatmatriana29@mail.com',NULL,'UPN','Sistem Informasi',NULL,'2025-12-29','2026-02-13',NULL,'Selesai',1,'2026-02-05 13:06:21'),(142,'Gilang Arrahman','gilangarrahman856@mail.com',NULL,'AMIKOM','Ilmu Komunikasi',NULL,'2026-01-02','2026-02-05',NULL,'Selesai',5,'2026-02-05 13:06:21'),(143,'Cinta','cinta664@mail.com',NULL,'SMKN Losarang','Teknik Jaringan Komputer dan Telekomunikasi',NULL,'2025-12-29','2026-03-13',NULL,'Selesai',4,'2026-02-05 13:06:21'),(144,'Dheca Monalita','dhecamonalita470@mail.com',NULL,'SMKN Losarang','Teknik Jaringan Komputer dan Telekomunikasi',NULL,'2025-12-29','2026-03-13',NULL,'Selesai',4,'2026-02-05 13:06:21'),(145,'Reza Isnaenih','rezaisnaenih391@mail.com',NULL,'SMKN Losarang','Teknik Jaringan Komputer dan Telekomunikasi',NULL,'2025-12-29','2026-03-13',NULL,'Selesai',4,'2026-02-05 13:06:21'),(146,'Monic Arnelita','monicarnelita53@mail.com',NULL,'SMKN Losarang','Teknik Jaringan Komputer dan Telekomunikasi',NULL,'2025-12-29','2026-03-13',NULL,'Selesai',4,'2026-02-05 13:06:21'),(147,'Della puspita Sari','dellapuspitasari631@mail.com',NULL,'SMKN Losarang','Teknik Jaringan Komputer dan Telekomunikasi',NULL,'2025-12-29','2026-03-13',NULL,'Selesai',4,'2026-02-05 13:06:21'),(148,'Salsa bila Qotrunnada','salsabilaqotrunnada933@mail.com',NULL,'UMY','komunikasi Penyiaran Islam',NULL,'2025-12-01','2025-12-31',NULL,'Selesai',3,'2026-02-05 13:06:21'),(149,'Muthiah Farhah Armany','muthiahfarhaharmany415@mail.com',NULL,'UMY','komunikasi Penyiaran Islam',NULL,'2025-12-01','2026-01-28',NULL,'Selesai',3,'2026-02-05 13:06:21'),(150,'Syaira Amalia Putri Kamal','syairaamaliaputrikamal757@mail.com',NULL,'UNY','Ilmu Komunikasi',NULL,'2026-01-01','2026-01-31',NULL,'Selesai',5,'2026-02-05 13:06:21'),(151,'Nadia Nuraini','nadianuraini5@mail.com',NULL,'UNY','Ilmu Komunikasi',NULL,'2026-01-01','2026-01-31',NULL,'Selesai',5,'2026-02-05 13:06:21'),(152,'Chelse Laksita Rasendriya Harifsa','chelselaksitarasendriyaharifsa55@mail.com',NULL,'UNY','Ilmu Komunikasi',NULL,'2026-01-01','2026-01-31',NULL,'Selesai',5,'2026-02-05 13:06:22'),(153,'Meita Hana Wardhani','meitahanawardhani391@mail.com',NULL,'UNY','Ilmu Komunikasi',NULL,'2026-01-01','2026-01-31',NULL,'Selesai',5,'2026-02-05 13:06:22'),(154,'Fais Dzaki Abdilah','faisdzakiabdilah678@mail.com',NULL,'UNY','Ilmu Komunikasi',NULL,'2026-01-01','2026-01-31',NULL,'Selesai',5,'2026-02-05 13:06:22'),(155,'Bayu Rifqi Efendy','bayurifqiefendy515@mail.com',NULL,'UNSIQ','Komunikasi dan Penyiaran Islam',NULL,'2026-01-20','2026-03-13',NULL,'Selesai',3,'2026-02-05 13:06:22'),(156,'Sholahuddin','sholahuddin715@mail.com',NULL,'UNSIQ','Komunikasi dan Penyiaran Islam',NULL,'2026-01-20','2026-03-13',NULL,'Selesai',3,'2026-02-05 13:06:22'),(157,'Najjih Ulya Hammi','najjihulyahammi144@mail.com',NULL,'UNSIQ','Komunikasi dan Penyiaran Islam',NULL,'2026-01-20','2026-03-13',NULL,'Selesai',3,'2026-02-05 13:06:22'),(158,'Uli Mardiyah Wulandari','ulimardiyahwulandari908@mail.com',NULL,'UNSIQ','Komunikasi dan Penyiaran Islam',NULL,'2026-01-20','2026-03-13',NULL,'Selesai',3,'2026-02-05 13:06:22'),(159,'Fita Yunita','fitayunita471@mail.com',NULL,'UNSIQ','Komunikasi dan Penyiaran Islam',NULL,'2026-01-20','2026-03-13',NULL,'Selesai',3,'2026-02-05 13:06:22'),(160,'Mariska Esa Purnomo','mariskaesapurnomo152@mail.com',NULL,'UMY','Teknologi Informasi',NULL,'2026-02-01','2026-04-06',NULL,'Selesai',2,'2026-02-05 13:06:22'),(161,'Choirul Amir Siregar','choirulamirsiregar614@mail.com',NULL,'UMY','Teknologi Informasi',NULL,'2026-02-01','2026-04-06',NULL,'Selesai',2,'2026-02-05 13:06:22'),(162,'Anjani Dihapsari Podoni','anjanidihapsaripodoni26@mail.com',NULL,'UMY','Teknologi Informasi',NULL,'2026-02-01','2026-04-06',NULL,'Selesai',2,'2026-02-05 13:06:22'),(163,'Fina Novita Ramadhani','finanovitaramadhani951@mail.com',NULL,'UMY','Teknologi Informasi',NULL,'2026-02-01','2026-04-06',NULL,'Selesai',2,'2026-02-05 13:06:22'),(170,'Arnoldus Paulus Sewa','arnoldus@gmail.com','85290057211','Universitas Teknologi Digital Indonesia','Teknik Informatika','1772157432562-Materi Priktikum 1.pdf','2026-02-05','2026-04-05',NULL,'Selesai',2,'2026-02-27 01:57:12'),(176,'Arnoldus Paulus Sewa','arnolduspaulussewa873@mail.com',NULL,'UTDI','Informatika',NULL,'2026-02-05','2026-04-05',NULL,'Selesai',2,'2026-05-18 11:13:12'),(177,'Muammar Hanif Dzaky','muammarhanifdzaky571@mail.com',NULL,'UST','Informatika',NULL,'2026-03-04','2026-04-22',NULL,'Selesai',1,'2026-05-18 11:13:12'),(178,'Wildan Rafi Syahputra','wildanrafisyahputra83@mail.com',NULL,'UST','Informatika',NULL,'2026-03-04','2026-04-22',NULL,'Selesai',1,'2026-05-18 11:13:12'),(179,'Andang Sahro Ramadani','andangsahroramadani348@mail.com',NULL,'UST','Informatika',NULL,'2026-03-04','2026-04-22',NULL,'Selesai',1,'2026-05-18 11:13:12'),(180,'Fiody Iman Prabowo','fiodyimanprabowo674@mail.com',NULL,'UST','Informatika',NULL,'2026-03-04','2026-04-22',NULL,'Selesai',1,'2026-05-18 11:13:12'),(181,'Mahfud Nasrullah','mahfudnasrullah939@mail.com',NULL,'AKRB Yogyakarta','Broadcasting',NULL,'2026-04-13','2026-07-13',NULL,'Aktif',12,'2026-05-18 11:13:12'),(182,'Ari Syirazandi Algifari','arisyirazandialgifari985@mail.com',NULL,'UTDI','Informatika',NULL,'2026-04-21','2026-08-21',NULL,'Aktif',2,'2026-05-18 11:13:12'),(183,'Anggita Vely Rinestu','anggitavelyrinestu958@mail.com',NULL,'SMKN 1 Ngawen','Teknik Komputer Jaringan',NULL,'2026-06-08','2026-09-30',NULL,'Aktif',6,'2026-05-18 11:13:12'),(184,'Elsa Angela Dwi Andrean','elsaangeladwiandrean348@mail.com',NULL,'SMKN 1 Ngawen','Teknik Komputer Jaringan',NULL,'2026-06-08','2026-09-30',NULL,'Aktif',6,'2026-05-18 11:13:12'),(185,'Jacinta Ingramsyah','jacintaingramsyah795@mail.com',NULL,'SMKN 1 Ngawen','Teknik Komputer Jaringan',NULL,'2026-06-08','2026-09-30',NULL,'Aktif',6,'2026-05-18 11:13:12'),(186,'Naravilla Frita Amelia','naravillafritaamelia886@mail.com',NULL,'SMKN 1 Ngawen','Teknik Komputer Jaringan',NULL,'2026-06-08','2026-09-30',NULL,'Aktif',6,'2026-05-18 11:13:12'),(187,'Ellifiah Luthfi Fadhilah','ellifiahluthfifadhilah81@mail.com',NULL,'SMK Muhammadiyah  3 Yogyakarta','Teknik Komputer dan Jaringan',NULL,'2026-07-27','2026-11-27',NULL,'Aktif',NULL,'2026-05-18 11:13:12'),(188,'Javanesha Az Dzikra','javaneshaazdzikra865@mail.com',NULL,'SMK Muhammadiyah  3 Yogyakarta','Teknik Komputer dan Jaringan',NULL,'2026-07-27','2026-11-27',NULL,'Aktif',NULL,'2026-05-18 11:13:12'),(189,'Andine Puri Sholeha','andinepurisholeha625@mail.com',NULL,'SMK Muhammadiyah  3 Yogyakarta','Teknik Komputer dan Jaringan',NULL,'2026-07-27','2026-11-27',NULL,'Aktif',NULL,'2026-05-18 11:13:12'),(190,'Arzaq Nur Fadhila Zuhri','arzaqnurfadhilazuhri403@mail.com',NULL,'SMK Piri 1 Yogyakarta','Teknik Komputer dan Jaringan',NULL,'2026-10-01','2027-04-30',NULL,'Aktif',NULL,'2026-05-18 11:13:12'),(191,'Diyaan Nafii Khalwani','diyaannafiikhalwani723@mail.com',NULL,'SMK Piri 1 Yogyakarta','Teknik Komputer dan Jaringan',NULL,'2026-10-01','2027-04-30',NULL,'Aktif',NULL,'2026-05-18 11:13:12'),(192,'Efrind Kumala Dewi','efrindkumaladewi367@mail.com',NULL,'SMKN 3 Wonosari','Teknik Audio Vidio',NULL,'2026-11-16','2027-04-10',NULL,'Aktif',NULL,'2026-05-18 11:13:12'),(193,'Septiana Ramadhani','septianaramadhani39@mail.com',NULL,'SMKN 3 Wonosari','Teknik Audio Vidio',NULL,'2026-11-16','2027-04-10',NULL,'Aktif',NULL,'2026-05-18 11:13:12'),(194,'Raditya Abdi Firmansyah','radityaabdifirmansyah976@mail.com',NULL,'SMKN 1 Pundong','Teknik Komputer Jaringan',NULL,'2026-12-01','2027-04-15',NULL,'Aktif',NULL,'2026-05-18 11:13:12'),(195,'Hanan Nur Rahmad Jati','hanannurrahmadjati927@mail.com',NULL,'SMKN 1 Pundong','Teknik Komputer Jaringan',NULL,'2026-12-01','2027-04-15',NULL,'Aktif',NULL,'2026-05-18 11:13:12'),(196,'Kinasih Septiani','kinasihseptiani168@mail.com',NULL,'SMKN 1 Pundong','Teknik Komputer Jaringan',NULL,'2026-12-01','2027-04-15',NULL,'Aktif',NULL,'2026-05-18 11:13:12'),(197,'Devita Amelia Sari','devitaameliasari565@mail.com',NULL,'SMKN 1 Pundong','Teknik Komputer Jaringan',NULL,'2026-12-01','2027-04-15',NULL,'Aktif',NULL,'2026-05-18 11:13:13'),(198,'Farhad Dipta Utama','farhaddiptautama477@mail.com',NULL,'UMY','Informatika',NULL,'2026-05-01','2026-07-01',NULL,'Selesai',1,'2026-05-18 11:13:13'),(199,'Muhammad Abdullah Faqih','muhammadabdullahfaqih546@mail.com',NULL,'UMY','Informatika',NULL,'2026-05-01','2026-07-01',NULL,'Selesai',1,'2026-05-18 11:13:13'),(200,'Muhammad Irsyad Rahmad Maulana','muhammadirsyadrahmadmaulana88@mail.com',NULL,'UMY','Informatika',NULL,'2026-05-01','2026-07-01',NULL,'Selesai',1,'2026-05-18 11:13:13'),(201,'Andhika Prima Hutama','andhikaprimahutama246@mail.com',NULL,'UMY','Informatika',NULL,'2026-05-01','2026-07-01',NULL,'Selesai',1,'2026-05-18 11:13:13'),(202,'Ahmad Subarjo ','ahmadsubarjo@gmail.com','834564256526','UPN VETERAN YOGYAKARTA','Ilmu Komunikasi','1779103110425-Desain Nama dan NIM Yani Aulia Ramadhani.pdf',NULL,NULL,NULL,'Pending',NULL,'2026-05-18 11:18:30'),(203,'Alex Bijer ','bijer@gmail.com','895410183783','UIN SUNAN KALIJAGA YOGYAKARTA','Sistem Informasi','1779103201668-Template-Poster-Magang-Prodi-TI-UMY.pdf',NULL,NULL,NULL,'Pending',NULL,'2026-05-18 11:20:01'),(204,'andi suandi ','andi@gmail.com','85864383876','UST','Ilmu Komunikasi','1779103266393-Template-Poster-Magang-Prodi-TI-UMY.pdf','2026-05-21','2026-06-06',NULL,'Selesai',2,'2026-05-18 11:21:06'),(205,'AZI SUAZI ','azisuazi@gmail.com','895410183783','UAD','Jurnalistik','1779103307898-Template-Poster-Magang-Prodi-TI-UMY.pdf',NULL,NULL,NULL,'Pending',NULL,'2026-05-18 11:21:47'),(206,'leni sueni ','jajak@gmail.com','823456765456','UGM','Ilmu Komunikasi','1779103359756-Template-Poster-Magang-Prodi-TI-UMY.pdf',NULL,NULL,NULL,'Pending',NULL,'2026-05-18 11:22:39'),(207,'REJI SUEJI','reji@gmail.com','845266262627','UMBY','Teknik Informatika','1779103420428-Desain Nama dan NIM Yani Aulia Ramadhani.pdf',NULL,NULL,NULL,'Pending',NULL,'2026-05-18 11:23:40'),(208,'abi suabi ','abi@gmail.com','81234526708','SMKN 2 YOGYAKARTA','Multimedia','1779103483045-Template-Poster-Magang-Prodi-TI-UMY.pdf',NULL,NULL,NULL,'Pending',NULL,'2026-05-18 11:24:43'),(209,'hada suada ','hada@gmail.com','8626262626','UNY','Pendidikan Teknik Informatika & Komputer','1779103519026-Template-Poster-Magang-Prodi-TI-UMY.pdf',NULL,NULL,NULL,'Pending',NULL,'2026-05-18 11:25:19'),(210,'leni sueni uni','leni@gmail.com','8324565261','SMAN 3 YOGYAKARTA','Manajemen','1779103551634-Template-Poster-Magang-Prodi-TI-UMY.pdf',NULL,NULL,NULL,'Pending',NULL,'2026-05-18 11:25:51'),(211,'aji suaji ','reba@gmail.com','8324561522567','UMY ','Sains Data','1779103591702-Template-Poster-Magang-Prodi-TI-UMY.pdf',NULL,NULL,NULL,'Pending',NULL,'2026-05-18 11:26:31'),(212,'seja suteja ','seja@gmail.com','83245625651','UTDI','Multimedia','1779103628464-lrvssss (1).pdf',NULL,NULL,NULL,'Pending',NULL,'2026-05-18 11:27:08'),(213,'reba sueb ','hj@gmail.com','84256262632','UNSIQ ','Manajemen','1779103660631-Template-Poster-Magang-Prodi-TI-UMY.pdf',NULL,NULL,NULL,'Pending',NULL,'2026-05-18 11:27:40'),(214,'Alex sueles yong celebes ','yongce@gmail.com','845656666555','UAD','Public Relations','1779103710621-Template-Poster-Magang-Prodi-TI-UMY.pdf',NULL,NULL,NULL,'Pending',NULL,'2026-05-18 11:28:30'),(215,'razi suedi','razi@gmail.com','85276272726','UST','Akuntansi','1779103744493-Template-Poster-Magang-Prodi-TI-UMY.pdf',NULL,NULL,NULL,'Pending',NULL,'2026-05-18 11:29:04'),(216,'LENA LENI ','lena@gmail.coom','8526625665','UMP','Akuntansi','1779103829079-Template-Poster-Magang-Prodi-TI-UMY.pdf',NULL,NULL,NULL,'Pending',NULL,'2026-05-18 11:30:29'),(217,'eti sueti ','ksjkjkj@gmail.com','89191919829','UPN YOGYAKARTA','Teknologi Informasi','1779103887110-Template-Poster-Magang-Prodi-TI-UMY.pdf',NULL,NULL,NULL,'Pending',NULL,'2026-05-18 11:31:27'),(219,'reba sueba ','reba21@gmail.com','82626262621','Reba suaiba ','Manajemen','1779103922624-Template-Poster-Magang-Prodi-TI-UMY.pdf',NULL,NULL,NULL,'Pending',NULL,'2026-05-18 11:32:02'),(220,'rebui','reg@gmail.com','8726226262','UTD','Komunikasi dan Penyiaran Islam','1779104811203-Template-Poster-Magang-Prodi-TI-UMY.pdf','2026-05-18','2026-06-30',NULL,'Selesai',3,'2026-05-18 11:46:51'),(221,'SYUAIB','syuaib@gmail.com','8166161611','UMY','TEKNIK ','1779181674141-Template-Poster-Magang-Prodi-TI-UMY.pdf','2026-05-20','2026-06-24',NULL,'Selesai',15,'2026-05-19 09:07:54'),(222,'CHOIRUL AS','irula5190@gmail.com','85864383876','UMY','Cyber Security','https://res.cloudinary.com/pmicewwo/image/upload/v1783680717/magang_tekkomdik/dkwwsvlzivuhnik4sdlz.pdf','2026-07-10','2026-08-27',NULL,'Aktif',12,'2026-07-10 10:45:18');
/*!40000 ALTER TABLE `applications` ENABLE KEYS */;
UNLOCK TABLES;

--
-- Table structure for table `logbooks`
--

DROP TABLE IF EXISTS `logbooks`;
/*!40101 SET @saved_cs_client     = @@character_set_client */;
/*!50503 SET character_set_client = utf8mb4 */;
CREATE TABLE `logbooks` (
  `id` int NOT NULL AUTO_INCREMENT,
  `user_id` int DEFAULT NULL,
  `tanggal` date NOT NULL,
  `jam` time DEFAULT NULL,
  `aktivitas` text NOT NULL,
  `uraian_kegiatan` text,
  `tempat` varchar(255) DEFAULT NULL,
  `bukti` varchar(255) DEFAULT NULL,
  `status_validasi` enum('Menunggu verifikasi','Disetujui','Ditolak') DEFAULT 'Menunggu verifikasi',
  `latitude` decimal(10,8) DEFAULT NULL,
  `longitude` decimal(11,8) DEFAULT NULL,
  PRIMARY KEY (`id`),
  KEY `user_id` (`user_id`),
  CONSTRAINT `logbooks_ibfk_1` FOREIGN KEY (`user_id`) REFERENCES `users` (`id`)
) ENGINE=InnoDB AUTO_INCREMENT=24 DEFAULT CHARSET=utf8mb4 COLLATE=utf8mb4_general_ci;
/*!40101 SET character_set_client = @saved_cs_client */;

--
-- Dumping data for table `logbooks`
--

LOCK TABLES `logbooks` WRITE;
/*!40000 ALTER TABLE `logbooks` DISABLE KEYS */;
INSERT INTO `logbooks` VALUES (1,170,'2026-02-27','08:00:00','Kultum Jum\'at','qwertyuioiuytreerty','BALAI TEKKOMDIK DIY','1772157571755.docx','Disetujui',NULL,NULL),(3,168,'2026-03-02','14:00:00','Magang','projekan','BALAI TEKKOMDIK DIY','1772434828960.jpg','Menunggu verifikasi',-7.79764931,110.38191129),(7,2,'2026-05-18','18:33:47','LMS','Kegiatan Pembelajaran guru guru di sekolah ','MAN 2 Yogyakarta, Jalan Kyai Haji Ahmad Dahlan, Notoprajan, Ngampilan, Kota Yogyakarta, Depok, Daerah Istimewa Yogyakarta, Jawa, 55261, Indonesia','1779104245381.jpg','Disetujui',-7.80095718,110.35686849),(8,2,'2026-05-18','18:33:47','membuat halaman login ','Buat halaman login',' ','1779104299572.jpg','Menunggu verifikasi',-7.80097629,110.35686467),(9,2,'2026-05-18','18:33:47','Jalan jalan sehat ','Jalan jalan ','MAN 2 Yogyakarta, Jalan Kyai Haji Ahmad Dahlan, Notoprajan, Ngampilan, Kota Yogyakarta, Depok, Daerah Istimewa Yogyakarta, Jawa, 55261, Indonesia','1779104340582.jpg','Menunggu verifikasi',-7.80096019,110.35685286),(10,2,'2026-05-18','18:33:47','pembahasan ','bahas projek ','MAN 2 Yogyakarta, Jalan Kyai Haji Ahmad Dahlan, Notoprajan, Ngampilan, Kota Yogyakarta, Depok, Daerah Istimewa Yogyakarta, Jawa, 55261, Indonesia','1779104417294.jpg','Menunggu verifikasi',-7.80093405,110.35689663),(11,2,'2026-05-18','18:33:47','ada deh ','ada ada saja ','MAN 2 Yogyakarta, Jalan Kyai Haji Ahmad Dahlan, Notoprajan, Ngampilan, Kota Yogyakarta, Depok, Daerah Istimewa Yogyakarta, Jawa, 55261, Indonesia','1779104458304.jpg','Menunggu verifikasi',-7.80093084,110.35689327),(12,2,'2026-05-18','18:33:47','ikan',' ikan hiu makan tomat ','MAN 2 Yogyakarta, Jalan Kyai Haji Ahmad Dahlan, Notoprajan, Ngampilan, Kota Yogyakarta, Depok, Daerah Istimewa Yogyakarta, Jawa, 55261, Indonesia','1779104506015.jpg','Menunggu verifikasi',-7.80096634,110.35687063),(13,2,'2026-05-18','18:33:47','buat dashboard ','kaciw ','MAN 2 Yogyakarta, Jalan Kyai Haji Ahmad Dahlan, Notoprajan, Ngampilan, Kota Yogyakarta, Depok, Daerah Istimewa Yogyakarta, Jawa, 55261, Indonesia','1779104551228.jpg','Menunggu verifikasi',-7.80096814,110.35684551),(14,2,'2026-05-18','18:33:47','meting','meeting di jam genting','MAN 2 Yogyakarta, Jalan Kyai Haji Ahmad Dahlan, Notoprajan, Ngampilan, Kota Yogyakarta, Depok, Daerah Istimewa Yogyakarta, Jawa, 55261, Indonesia','1779104575076.jpg','Menunggu verifikasi',-7.80100457,110.35684974),(15,2,'2026-05-18','18:33:47','buakae ','buakar saja ','MAN 2 Yogyakarta, Jalan Kyai Haji Ahmad Dahlan, Notoprajan, Ngampilan, Kota Yogyakarta, Depok, Daerah Istimewa Yogyakarta, Jawa, 55261, Indonesia','1779104596847.jpg','Menunggu verifikasi',-7.80099973,110.35684903),(16,2,'2026-05-18','18:33:47','hay ','hayday ','MAN 2 Yogyakarta, Jalan Kyai Haji Ahmad Dahlan, Notoprajan, Ngampilan, Kota Yogyakarta, Depok, Daerah Istimewa Yogyakarta, Jawa, 55261, Indonesia','1779104620648.jpg','Menunggu verifikasi',-7.80099416,110.35684363),(17,2,'2026-05-18','18:33:47','baddie ','BAGI BAGI TAKJIL ','MAN 2 Yogyakarta, Jalan Kyai Haji Ahmad Dahlan, Notoprajan, Ngampilan, Kota Yogyakarta, Depok, Daerah Istimewa Yogyakarta, Jawa, 55261, Indonesia','1779104644687.jpg','Menunggu verifikasi',-7.80098469,110.35685367),(18,2,'2026-05-18','18:33:47','badak cula 1 ','badak badak ','MAN 2 Yogyakarta, Jalan Kyai Haji Ahmad Dahlan, Notoprajan, Ngampilan, Kota Yogyakarta, Depok, Daerah Istimewa Yogyakarta, Jawa, 55261, Indonesia','1779104671111.jpg','Menunggu verifikasi',-7.80099039,110.35685462),(19,2,'2026-05-18','18:33:47','yau yau yau ','yau ','MAN 2 Yogyakarta, Jalan Kyai Haji Ahmad Dahlan, Notoprajan, Ngampilan, Kota Yogyakarta, Depok, Daerah Istimewa Yogyakarta, Jawa, 55261, Indonesia','1779104689091.jpg','Menunggu verifikasi',-7.80099039,110.35685462),(20,2,'2026-05-18','18:33:47','yui','UY UYU','MAN 2 Yogyakarta, Jalan Kyai Haji Ahmad Dahlan, Notoprajan, Ngampilan, Kota Yogyakarta, Depok, Daerah Istimewa Yogyakarta, Jawa, 55261, Indonesia','1779104709591.jpg','Menunggu verifikasi',-7.80095696,110.35685163),(21,2,'2026-05-18','18:33:47','juki ','jukia','MAN 2 Yogyakarta, Jalan Kyai Haji Ahmad Dahlan, Notoprajan, Ngampilan, Kota Yogyakarta, Depok, Daerah Istimewa Yogyakarta, Jawa, 55261, Indonesia','1779104727551.jpg','Menunggu verifikasi',-7.80096368,110.35685065),(22,176,'2026-05-19','16:13:15','NGODING','NGODING','University Muhammadiyah Yogyakarta, Jalan Brawijaya, Tamantirto, Kasihan, Gamping, Bantul, Daerah Istimewa Yogyakarta, Jawa, 55183, Indonesia','1779182071145.jpg','Menunggu verifikasi',-7.80866254,110.32122404),(23,177,'2026-07-10','17:46:32','HJHJ','HGHGYU','Tamantirto, Kasihan, Bantul, Daerah Istimewa Yogyakarta, Jawa, 55183, Indonesia','https://res.cloudinary.com/pmicewwo/image/upload/v1783680814/magang_tekkomdik/logbooks/t6zizbpg4dhvmumxwaa9.jpg','Menunggu verifikasi',-7.81590495,110.33257967);
/*!40000 ALTER TABLE `logbooks` ENABLE KEYS */;
UNLOCK TABLES;

--
-- Table structure for table `mentors`
--

DROP TABLE IF EXISTS `mentors`;
/*!40101 SET @saved_cs_client     = @@character_set_client */;
/*!50503 SET character_set_client = utf8mb4 */;
CREATE TABLE `mentors` (
  `id` int NOT NULL AUTO_INCREMENT,
  `nama_pembimbing` varchar(100) NOT NULL,
  `divisi` varchar(100) DEFAULT 'Umum',
  `max_kuota` int DEFAULT '5',
  `beban_kerja` int DEFAULT '0',
  PRIMARY KEY (`id`)
) ENGINE=InnoDB AUTO_INCREMENT=18 DEFAULT CHARSET=utf8mb4 COLLATE=utf8mb4_general_ci;
/*!40101 SET character_set_client = @saved_cs_client */;

--
-- Dumping data for table `mentors`
--

LOCK TABLES `mentors` WRITE;
/*!40000 ALTER TABLE `mentors` DISABLE KEYS */;
INSERT INTO `mentors` VALUES (1,'Erick Syafriatna','Umum',5,0),(2,'Ridwan Abdullah','Umum',5,0),(3,'Bening Saraswati','Umum',5,0),(4,'Nurfana Ryan Damara','Umum',5,0),(5,'Septhando H','Umum',5,0),(6,'Dini Nurul Insani','Umum',5,0),(7,'Wisnu SN','Umum',5,0),(8,'Rubiati Budiningsih','Umum',5,0),(9,'Oki Pambudi','Umum',5,0),(10,'Fahrul Wredha Kumara','Umum',5,0),(11,'Ariska Tri Kurniawan','Umum',5,0),(12,'Alexander Sutha HW','Umum',5,0),(15,'Doni Setiawan','Umum',10,0),(16,'ali','umum',10,0);
/*!40000 ALTER TABLE `mentors` ENABLE KEYS */;
UNLOCK TABLES;

--
-- Table structure for table `users`
--

DROP TABLE IF EXISTS `users`;
/*!40101 SET @saved_cs_client     = @@character_set_client */;
/*!50503 SET character_set_client = utf8mb4 */;
CREATE TABLE `users` (
  `id` int NOT NULL AUTO_INCREMENT,
  `email` varchar(100) NOT NULL,
  `password_hash` varchar(255) NOT NULL,
  `role` enum('Admin','Peserta') NOT NULL,
  `application_id` int DEFAULT NULL,
  PRIMARY KEY (`id`),
  UNIQUE KEY `email` (`email`),
  KEY `application_id` (`application_id`),
  CONSTRAINT `users_ibfk_1` FOREIGN KEY (`application_id`) REFERENCES `applications` (`id`) ON DELETE CASCADE
) ENGINE=InnoDB AUTO_INCREMENT=178 DEFAULT CHARSET=utf8mb4 COLLATE=utf8mb4_general_ci;
/*!40101 SET character_set_client = @saved_cs_client */;

--
-- Dumping data for table `users`
--

LOCK TABLES `users` WRITE;
/*!40000 ALTER TABLE `users` DISABLE KEYS */;
INSERT INTO `users` VALUES (1,'a.julianranggasyahputra614@mail.com','$2b$10$UUwmsWritH5BExBKOHr4sujslRs5HqIbSqZdPKGnmw4drE9Tp5UPu','Peserta',5),(2,'abdulaziz996@mail.com','$2b$10$UUwmsWritH5BExBKOHr4sujslRs5HqIbSqZdPKGnmw4drE9Tp5UPu','Peserta',6),(3,'abdulazzamrohmatulloh220@mail.com','$2b$10$UUwmsWritH5BExBKOHr4sujslRs5HqIbSqZdPKGnmw4drE9Tp5UPu','Peserta',39),(4,'adikurniawan402@mail.com','$2b$10$UUwmsWritH5BExBKOHr4sujslRs5HqIbSqZdPKGnmw4drE9Tp5UPu','Peserta',16),(5,'afrizalnabilzailani193@mail.com','$2b$10$UUwmsWritH5BExBKOHr4sujslRs5HqIbSqZdPKGnmw4drE9Tp5UPu','Peserta',129),(6,'ahmadfaizjaysurrahman490@mail.com','$2b$10$UUwmsWritH5BExBKOHr4sujslRs5HqIbSqZdPKGnmw4drE9Tp5UPu','Peserta',114),(7,'ahmadlabibullubab378@mail.com','$2b$10$UUwmsWritH5BExBKOHr4sujslRs5HqIbSqZdPKGnmw4drE9Tp5UPu','Peserta',46),(8,'akbelvariantowalda24@mail.com','$2b$10$UUwmsWritH5BExBKOHr4sujslRs5HqIbSqZdPKGnmw4drE9Tp5UPu','Peserta',67),(9,'akmalfajrulhakam500@mail.com','$2b$10$UUwmsWritH5BExBKOHr4sujslRs5HqIbSqZdPKGnmw4drE9Tp5UPu','Peserta',18),(10,'alamsyahaldetaputra680@mail.com','$2b$10$UUwmsWritH5BExBKOHr4sujslRs5HqIbSqZdPKGnmw4drE9Tp5UPu','Peserta',1),(11,'alyaloishandra556@mail.com','$2b$10$UUwmsWritH5BExBKOHr4sujslRs5HqIbSqZdPKGnmw4drE9Tp5UPu','Peserta',40),(12,'ameliawilhelminatoma770@mail.com','$2b$10$UUwmsWritH5BExBKOHr4sujslRs5HqIbSqZdPKGnmw4drE9Tp5UPu','Peserta',87),(13,'ameliawulandari723@mail.com','$2b$10$UUwmsWritH5BExBKOHr4sujslRs5HqIbSqZdPKGnmw4drE9Tp5UPu','Peserta',119),(14,'angelaoctaviawilianeshanchadevi379@mail.com','$2b$10$UUwmsWritH5BExBKOHr4sujslRs5HqIbSqZdPKGnmw4drE9Tp5UPu','Peserta',72),(15,'anjanidihapsaripodoni26@mail.com','$2b$10$hT2Pnzjkjvj349cuEUk0Gu.MX7E7F7XWhSQHBSO8Nyyg7vL2Vy0RK','Peserta',162),(16,'aprillaputripertiwi668@mail.com','$2b$10$UUwmsWritH5BExBKOHr4sujslRs5HqIbSqZdPKGnmw4drE9Tp5UPu','Peserta',80),(17,'aqlinamiftahulussiam913@mail.com','$2b$10$UUwmsWritH5BExBKOHr4sujslRs5HqIbSqZdPKGnmw4drE9Tp5UPu','Peserta',107),(18,'arditacitrachoirunisa739@mail.com','$2b$10$UUwmsWritH5BExBKOHr4sujslRs5HqIbSqZdPKGnmw4drE9Tp5UPu','Peserta',70),(19,'arifinnursahid87@mail.com','$2b$10$UUwmsWritH5BExBKOHr4sujslRs5HqIbSqZdPKGnmw4drE9Tp5UPu','Peserta',34),(20,'arsyaadityawardhana450@mail.com','$2b$10$UUwmsWritH5BExBKOHr4sujslRs5HqIbSqZdPKGnmw4drE9Tp5UPu','Peserta',56),(21,'asmadiyanpratama449@mail.com','$2b$10$UUwmsWritH5BExBKOHr4sujslRs5HqIbSqZdPKGnmw4drE9Tp5UPu','Peserta',120),(22,'aswanggasujati146@mail.com','$2b$10$UUwmsWritH5BExBKOHr4sujslRs5HqIbSqZdPKGnmw4drE9Tp5UPu','Peserta',66),(23,'auliaulkarimah120@mail.com','$2b$10$UUwmsWritH5BExBKOHr4sujslRs5HqIbSqZdPKGnmw4drE9Tp5UPu','Peserta',105),(24,'auraalvisyahriyyah748@mail.com','$2b$10$UUwmsWritH5BExBKOHr4sujslRs5HqIbSqZdPKGnmw4drE9Tp5UPu','Peserta',121),(25,'azisfaturrochman551@mail.com','$2b$10$UUwmsWritH5BExBKOHr4sujslRs5HqIbSqZdPKGnmw4drE9Tp5UPu','Peserta',75),(26,'bayuaryaseta553@mail.com','$2b$10$UUwmsWritH5BExBKOHr4sujslRs5HqIbSqZdPKGnmw4drE9Tp5UPu','Peserta',10),(27,'bayurifqiefendy515@mail.com','$2b$10$WhSdzK2MUv./hJ9hZqbE1uGi92AcUWVPvhYbDUGvFjs6VuglAZrQ2','Peserta',155),(28,'benediktuschristiang179@mail.com','$2b$10$UUwmsWritH5BExBKOHr4sujslRs5HqIbSqZdPKGnmw4drE9Tp5UPu','Peserta',7),(29,'bimafebriansyahdwinugroho596@mail.com','$2b$10$UUwmsWritH5BExBKOHr4sujslRs5HqIbSqZdPKGnmw4drE9Tp5UPu','Peserta',74),(30,'brianabdullahsitoruspane617@mail.com','$2b$10$UUwmsWritH5BExBKOHr4sujslRs5HqIbSqZdPKGnmw4drE9Tp5UPu','Peserta',134),(31,'candraadinugroho806@mail.com','$2b$10$UUwmsWritH5BExBKOHr4sujslRs5HqIbSqZdPKGnmw4drE9Tp5UPu','Peserta',19),(32,'carlotteatmakesyaputri779@mail.com','$2b$10$UUwmsWritH5BExBKOHr4sujslRs5HqIbSqZdPKGnmw4drE9Tp5UPu','Peserta',60),(33,'chelselaksitarasendriyaharifsa55@mail.com','$2b$10$UUwmsWritH5BExBKOHr4sujslRs5HqIbSqZdPKGnmw4drE9Tp5UPu','Peserta',152),(34,'choirulamirsiregar614@mail.com','$2b$10$UgyQ6StGOrM65ZUNvHiNje0eLakEXVIWHRHGMey71N4rQQ5Pamo8S','Peserta',161),(35,'cinta664@mail.com','$2b$10$UUwmsWritH5BExBKOHr4sujslRs5HqIbSqZdPKGnmw4drE9Tp5UPu','Peserta',143),(36,'cintaamalindah100@mail.com','$2b$10$UUwmsWritH5BExBKOHr4sujslRs5HqIbSqZdPKGnmw4drE9Tp5UPu','Peserta',25),(37,'danaapriliarahmasari839@mail.com','$2b$10$UUwmsWritH5BExBKOHr4sujslRs5HqIbSqZdPKGnmw4drE9Tp5UPu','Peserta',61),(38,'dandiekasaputra103@mail.com','$2b$10$UUwmsWritH5BExBKOHr4sujslRs5HqIbSqZdPKGnmw4drE9Tp5UPu','Peserta',24),(39,'dannesnovdalinda729@mail.com','$2b$10$UUwmsWritH5BExBKOHr4sujslRs5HqIbSqZdPKGnmw4drE9Tp5UPu','Peserta',122),(40,'deasenjapraweni620@mail.com','$2b$10$UUwmsWritH5BExBKOHr4sujslRs5HqIbSqZdPKGnmw4drE9Tp5UPu','Peserta',94),(41,'delikosetonoputro756@mail.com','$2b$10$UUwmsWritH5BExBKOHr4sujslRs5HqIbSqZdPKGnmw4drE9Tp5UPu','Peserta',84),(42,'dellapuspitasari631@mail.com','$2b$10$UUwmsWritH5BExBKOHr4sujslRs5HqIbSqZdPKGnmw4drE9Tp5UPu','Peserta',147),(43,'destianabungaamalia492@mail.com','$2b$10$UUwmsWritH5BExBKOHr4sujslRs5HqIbSqZdPKGnmw4drE9Tp5UPu','Peserta',138),(44,'dhecamonalita470@mail.com','$2b$10$UUwmsWritH5BExBKOHr4sujslRs5HqIbSqZdPKGnmw4drE9Tp5UPu','Peserta',144),(45,'diahnovitaenjelita749@mail.com','$2b$10$UUwmsWritH5BExBKOHr4sujslRs5HqIbSqZdPKGnmw4drE9Tp5UPu','Peserta',50),(46,'diniikfinamashlakhah637@mail.com','$2b$10$UUwmsWritH5BExBKOHr4sujslRs5HqIbSqZdPKGnmw4drE9Tp5UPu','Peserta',26),(47,'ditaannisaramadhani270@mail.com','$2b$10$UUwmsWritH5BExBKOHr4sujslRs5HqIbSqZdPKGnmw4drE9Tp5UPu','Peserta',20),(48,'dwinurintan248@mail.com','$2b$10$UUwmsWritH5BExBKOHr4sujslRs5HqIbSqZdPKGnmw4drE9Tp5UPu','Peserta',90),(49,'dzakyammarrayakurniawan366@mail.com','$2b$10$UUwmsWritH5BExBKOHr4sujslRs5HqIbSqZdPKGnmw4drE9Tp5UPu','Peserta',81),(50,'ekanurrohman573@mail.com','$2b$10$UUwmsWritH5BExBKOHr4sujslRs5HqIbSqZdPKGnmw4drE9Tp5UPu','Peserta',27),(51,'elivadamarkusumaratri520@mail.com','$2b$10$UUwmsWritH5BExBKOHr4sujslRs5HqIbSqZdPKGnmw4drE9Tp5UPu','Peserta',104),(52,'ersazahraniata773@mail.com','$2b$10$UUwmsWritH5BExBKOHr4sujslRs5HqIbSqZdPKGnmw4drE9Tp5UPu','Peserta',14),(53,'evifanitantaginting808@mail.com','$2b$10$UUwmsWritH5BExBKOHr4sujslRs5HqIbSqZdPKGnmw4drE9Tp5UPu','Peserta',108),(54,'fadilahhafizhnugroho216@mail.com','$2b$10$UUwmsWritH5BExBKOHr4sujslRs5HqIbSqZdPKGnmw4drE9Tp5UPu','Peserta',112),(55,'fadilazahraandriyani361@mail.com','$2b$10$UUwmsWritH5BExBKOHr4sujslRs5HqIbSqZdPKGnmw4drE9Tp5UPu','Peserta',93),(56,'fahrirakaalfarizki612@mail.com','$2b$10$UUwmsWritH5BExBKOHr4sujslRs5HqIbSqZdPKGnmw4drE9Tp5UPu','Peserta',28),(57,'fahrulrozi350@mail.com','$2b$10$UUwmsWritH5BExBKOHr4sujslRs5HqIbSqZdPKGnmw4drE9Tp5UPu','Peserta',78),(58,'fairuzsyfawibowo500@mail.com','$2b$10$UUwmsWritH5BExBKOHr4sujslRs5HqIbSqZdPKGnmw4drE9Tp5UPu','Peserta',133),(59,'faisdzakiabdilah678@mail.com','$2b$10$UUwmsWritH5BExBKOHr4sujslRs5HqIbSqZdPKGnmw4drE9Tp5UPu','Peserta',154),(60,'fajarfenandayosiga768@mail.com','$2b$10$UUwmsWritH5BExBKOHr4sujslRs5HqIbSqZdPKGnmw4drE9Tp5UPu','Peserta',98),(61,'fareloktaananta569@mail.com','$2b$10$UUwmsWritH5BExBKOHr4sujslRs5HqIbSqZdPKGnmw4drE9Tp5UPu','Peserta',29),(62,'farrasdaffayasarramadhan920@mail.com','$2b$10$UUwmsWritH5BExBKOHr4sujslRs5HqIbSqZdPKGnmw4drE9Tp5UPu','Peserta',86),(63,'fathirarahmadina496@mail.com','$2b$10$UUwmsWritH5BExBKOHr4sujslRs5HqIbSqZdPKGnmw4drE9Tp5UPu','Peserta',92),(64,'fatimahanandapermadani.hsg789@mail.com','$2b$10$UUwmsWritH5BExBKOHr4sujslRs5HqIbSqZdPKGnmw4drE9Tp5UPu','Peserta',83),(65,'fatmatriana29@mail.com','$2b$10$UUwmsWritH5BExBKOHr4sujslRs5HqIbSqZdPKGnmw4drE9Tp5UPu','Peserta',141),(66,'felitawildaniaerdian526@mail.com','$2b$10$UUwmsWritH5BExBKOHr4sujslRs5HqIbSqZdPKGnmw4drE9Tp5UPu','Peserta',4),(67,'finanovitaramadhani951@mail.com','$2b$10$OxMTai2HIQYibOQJbtu1E.9JwC9PLyTa17gkOEOR1y9SCl.JYkW62','Peserta',163),(68,'fitanurohayati692@mail.com','$2b$10$UUwmsWritH5BExBKOHr4sujslRs5HqIbSqZdPKGnmw4drE9Tp5UPu','Peserta',71),(69,'fitayunita471@mail.com','$2b$10$7S.Hnn8zi3YumHm7GlquxOpLlps9Si2oEVvpWEBfaH6LMZmsh56j2','Peserta',159),(70,'gilangarrahman856@mail.com','$2b$10$UUwmsWritH5BExBKOHr4sujslRs5HqIbSqZdPKGnmw4drE9Tp5UPu','Peserta',142),(71,'gregoriusdennysadibaputra436@mail.com','$2b$10$UUwmsWritH5BExBKOHr4sujslRs5HqIbSqZdPKGnmw4drE9Tp5UPu','Peserta',73),(72,'gyselaaugustinronaulisitungkir965@mail.com','$2b$10$UUwmsWritH5BExBKOHr4sujslRs5HqIbSqZdPKGnmw4drE9Tp5UPu','Peserta',69),(73,'hanisa643@mail.com','$2b$10$UUwmsWritH5BExBKOHr4sujslRs5HqIbSqZdPKGnmw4drE9Tp5UPu','Peserta',96),(74,'hanungaryodamar736@mail.com','$2b$10$UUwmsWritH5BExBKOHr4sujslRs5HqIbSqZdPKGnmw4drE9Tp5UPu','Peserta',36),(75,'hasnawidyasyafrilla405@mail.com','$2b$10$UUwmsWritH5BExBKOHr4sujslRs5HqIbSqZdPKGnmw4drE9Tp5UPu','Peserta',15),(76,'igharagwammalazi737@mail.com','$2b$10$UUwmsWritH5BExBKOHr4sujslRs5HqIbSqZdPKGnmw4drE9Tp5UPu','Peserta',111),(77,'ilhamkhoirulanam155@mail.com','$2b$10$UUwmsWritH5BExBKOHr4sujslRs5HqIbSqZdPKGnmw4drE9Tp5UPu','Peserta',43),(78,'ilhamnurdiansyah207@mail.com','$2b$10$UUwmsWritH5BExBKOHr4sujslRs5HqIbSqZdPKGnmw4drE9Tp5UPu','Peserta',57),(79,'iqbalelrizqifauzie515@mail.com','$2b$10$UUwmsWritH5BExBKOHr4sujslRs5HqIbSqZdPKGnmw4drE9Tp5UPu','Peserta',130),(80,'irwanyunantapratama191@mail.com','$2b$10$UUwmsWritH5BExBKOHr4sujslRs5HqIbSqZdPKGnmw4drE9Tp5UPu','Peserta',52),(81,'isabelatefa423@mail.com','$2b$10$UUwmsWritH5BExBKOHr4sujslRs5HqIbSqZdPKGnmw4drE9Tp5UPu','Peserta',89),(82,'ismailramadana743@mail.com','$2b$10$UUwmsWritH5BExBKOHr4sujslRs5HqIbSqZdPKGnmw4drE9Tp5UPu','Peserta',22),(83,'itsnainiummikhasanah273@mail.com','$2b$10$UUwmsWritH5BExBKOHr4sujslRs5HqIbSqZdPKGnmw4drE9Tp5UPu','Peserta',95),(84,'januantivaadindazakiyah988@mail.com','$2b$10$UUwmsWritH5BExBKOHr4sujslRs5HqIbSqZdPKGnmw4drE9Tp5UPu','Peserta',79),(85,'jenafenyardani539@mail.com','$2b$10$UUwmsWritH5BExBKOHr4sujslRs5HqIbSqZdPKGnmw4drE9Tp5UPu','Peserta',53),(86,'jeninurhastuti669@mail.com','$2b$10$UUwmsWritH5BExBKOHr4sujslRs5HqIbSqZdPKGnmw4drE9Tp5UPu','Peserta',2),(87,'juliofista917@mail.com','$2b$10$UUwmsWritH5BExBKOHr4sujslRs5HqIbSqZdPKGnmw4drE9Tp5UPu','Peserta',77),(88,'keysarahmadhaniazahra449@mail.com','$2b$10$UUwmsWritH5BExBKOHr4sujslRs5HqIbSqZdPKGnmw4drE9Tp5UPu','Peserta',116),(89,'khailadewihaditsya2@mail.com','$2b$10$UUwmsWritH5BExBKOHr4sujslRs5HqIbSqZdPKGnmw4drE9Tp5UPu','Peserta',62),(90,'khairulnisapanislestari117@mail.com','$2b$10$UUwmsWritH5BExBKOHr4sujslRs5HqIbSqZdPKGnmw4drE9Tp5UPu','Peserta',82),(91,'khanayawihikanestani709@mail.com','$2b$10$UUwmsWritH5BExBKOHr4sujslRs5HqIbSqZdPKGnmw4drE9Tp5UPu','Peserta',117),(92,'khansafathiyahusna629@mail.com','$2b$10$UUwmsWritH5BExBKOHr4sujslRs5HqIbSqZdPKGnmw4drE9Tp5UPu','Peserta',47),(93,'khoirunnafi\"ilumam328@mail.com','$2b$10$UUwmsWritH5BExBKOHr4sujslRs5HqIbSqZdPKGnmw4drE9Tp5UPu','Peserta',58),(94,'kristofarusnandamahardhian566@mail.com','$2b$10$UUwmsWritH5BExBKOHr4sujslRs5HqIbSqZdPKGnmw4drE9Tp5UPu','Peserta',38),(95,'kumalaayuarista746@mail.com','$2b$10$UUwmsWritH5BExBKOHr4sujslRs5HqIbSqZdPKGnmw4drE9Tp5UPu','Peserta',123),(96,'kynantiekaputrilestari904@mail.com','$2b$10$UUwmsWritH5BExBKOHr4sujslRs5HqIbSqZdPKGnmw4drE9Tp5UPu','Peserta',41),(97,'lochadindaastriningsibahar59@mail.com','$2b$10$UUwmsWritH5BExBKOHr4sujslRs5HqIbSqZdPKGnmw4drE9Tp5UPu','Peserta',91),(98,'mahirwahananto285@mail.com','$2b$10$UUwmsWritH5BExBKOHr4sujslRs5HqIbSqZdPKGnmw4drE9Tp5UPu','Peserta',17),(99,'malikwisnuwijaya624@mail.com','$2b$10$UUwmsWritH5BExBKOHr4sujslRs5HqIbSqZdPKGnmw4drE9Tp5UPu','Peserta',97),(100,'marchellinodzakiyuwana61@mail.com','$2b$10$UUwmsWritH5BExBKOHr4sujslRs5HqIbSqZdPKGnmw4drE9Tp5UPu','Peserta',23),(101,'mariaalikaputrirendrawijaya632@mail.com','$2b$10$UUwmsWritH5BExBKOHr4sujslRs5HqIbSqZdPKGnmw4drE9Tp5UPu','Peserta',100),(102,'mariachandrayanibainai694@mail.com','$2b$10$UUwmsWritH5BExBKOHr4sujslRs5HqIbSqZdPKGnmw4drE9Tp5UPu','Peserta',110),(103,'mariskaesapurnomo152@mail.com','$2b$10$afV27qPuila6/6U4Nfpa1ulkrcuK.UmiMiPHmmdB/M6V8iXRt.pdC','Peserta',160),(104,'meitahanawardhani391@mail.com','$2b$10$UUwmsWritH5BExBKOHr4sujslRs5HqIbSqZdPKGnmw4drE9Tp5UPu','Peserta',153),(105,'melisahsalsabila47@mail.com','$2b$10$UUwmsWritH5BExBKOHr4sujslRs5HqIbSqZdPKGnmw4drE9Tp5UPu','Peserta',13),(106,'mibnushinaafwalbarry101@mail.com','$2b$10$UUwmsWritH5BExBKOHr4sujslRs5HqIbSqZdPKGnmw4drE9Tp5UPu','Peserta',68),(107,'mishellinazzahrah145@mail.com','$2b$10$UUwmsWritH5BExBKOHr4sujslRs5HqIbSqZdPKGnmw4drE9Tp5UPu','Peserta',3),(108,'mohammadrendysaputra222@mail.com','$2b$10$UUwmsWritH5BExBKOHr4sujslRs5HqIbSqZdPKGnmw4drE9Tp5UPu','Peserta',113),(109,'monicarnelita53@mail.com','$2b$10$UUwmsWritH5BExBKOHr4sujslRs5HqIbSqZdPKGnmw4drE9Tp5UPu','Peserta',146),(110,'muhamadrifkim376@mail.com','$2b$10$UUwmsWritH5BExBKOHr4sujslRs5HqIbSqZdPKGnmw4drE9Tp5UPu','Peserta',48),(111,'muhammadlaviosamudra572@mail.com','$2b$10$UUwmsWritH5BExBKOHr4sujslRs5HqIbSqZdPKGnmw4drE9Tp5UPu','Peserta',109),(112,'muhammadmaulanaihsan664@mail.com','$2b$10$UUwmsWritH5BExBKOHr4sujslRs5HqIbSqZdPKGnmw4drE9Tp5UPu','Peserta',37),(113,'muhammadrafiq890@mail.com','$2b$10$UUwmsWritH5BExBKOHr4sujslRs5HqIbSqZdPKGnmw4drE9Tp5UPu','Peserta',11),(114,'muthiahfarhaharmany415@mail.com','$2b$10$UUwmsWritH5BExBKOHr4sujslRs5HqIbSqZdPKGnmw4drE9Tp5UPu','Peserta',149),(115,'mutiahayanaila303@mail.com','$2b$10$UUwmsWritH5BExBKOHr4sujslRs5HqIbSqZdPKGnmw4drE9Tp5UPu','Peserta',54),(116,'nadianuraini5@mail.com','$2b$10$UUwmsWritH5BExBKOHr4sujslRs5HqIbSqZdPKGnmw4drE9Tp5UPu','Peserta',151),(117,'najjihulyahammi144@mail.com','$2b$10$ZbLfBwUa4C6Z2c01EsE5uO5UdTmTOkGNW2MbfXOWfAa2FgpwP9sHC','Peserta',157),(118,'nasyafritzieaugustar43@mail.com','$2b$10$UUwmsWritH5BExBKOHr4sujslRs5HqIbSqZdPKGnmw4drE9Tp5UPu','Peserta',21),(119,'ndaruprastowo129@mail.com','$2b$10$UUwmsWritH5BExBKOHr4sujslRs5HqIbSqZdPKGnmw4drE9Tp5UPu','Peserta',127),(120,'novipuspitasari414@mail.com','$2b$10$UUwmsWritH5BExBKOHr4sujslRs5HqIbSqZdPKGnmw4drE9Tp5UPu','Peserta',31),(121,'nurhalimah502@mail.com','$2b$10$UUwmsWritH5BExBKOHr4sujslRs5HqIbSqZdPKGnmw4drE9Tp5UPu','Peserta',44),(122,'nursetyanugroho680@mail.com','$2b$10$UUwmsWritH5BExBKOHr4sujslRs5HqIbSqZdPKGnmw4drE9Tp5UPu','Peserta',59),(123,'nurulhanifah284@mail.com','$2b$10$UUwmsWritH5BExBKOHr4sujslRs5HqIbSqZdPKGnmw4drE9Tp5UPu','Peserta',76),(124,'panjipujiharto807@mail.com','$2b$10$UUwmsWritH5BExBKOHr4sujslRs5HqIbSqZdPKGnmw4drE9Tp5UPu','Peserta',131),(125,'paulinatasekab510@mail.com','$2b$10$UUwmsWritH5BExBKOHr4sujslRs5HqIbSqZdPKGnmw4drE9Tp5UPu','Peserta',88),(126,'pradiptaaryaputracahyanaadi868@mail.com','$2b$10$UUwmsWritH5BExBKOHr4sujslRs5HqIbSqZdPKGnmw4drE9Tp5UPu','Peserta',124),(127,'putrayurenggani364@mail.com','$2b$10$UUwmsWritH5BExBKOHr4sujslRs5HqIbSqZdPKGnmw4drE9Tp5UPu','Peserta',65),(128,'putriliyana926@mail.com','$2b$10$UUwmsWritH5BExBKOHr4sujslRs5HqIbSqZdPKGnmw4drE9Tp5UPu','Peserta',45),(129,'radenyodhajanardanudarumaulana393@mail.com','$2b$10$UUwmsWritH5BExBKOHr4sujslRs5HqIbSqZdPKGnmw4drE9Tp5UPu','Peserta',135),(130,'radithyawastupamilih397@mail.com','$2b$10$UUwmsWritH5BExBKOHr4sujslRs5HqIbSqZdPKGnmw4drE9Tp5UPu','Peserta',128),(131,'rafidhaniframadhan132@mail.com','$2b$10$UUwmsWritH5BExBKOHr4sujslRs5HqIbSqZdPKGnmw4drE9Tp5UPu','Peserta',115),(132,'rafidtejamutaqin694@mail.com','$2b$10$UUwmsWritH5BExBKOHr4sujslRs5HqIbSqZdPKGnmw4drE9Tp5UPu','Peserta',139),(133,'rafiqrasyabintaher893@mail.com','$2b$10$UUwmsWritH5BExBKOHr4sujslRs5HqIbSqZdPKGnmw4drE9Tp5UPu','Peserta',101),(134,'raihanrikofarandsyah383@mail.com','$2b$10$UUwmsWritH5BExBKOHr4sujslRs5HqIbSqZdPKGnmw4drE9Tp5UPu','Peserta',35),(135,'rayhanalfarizi534@mail.com','$2b$10$UUwmsWritH5BExBKOHr4sujslRs5HqIbSqZdPKGnmw4drE9Tp5UPu','Peserta',30),(136,'rayhanramadhanisaputra359@mail.com','$2b$10$UUwmsWritH5BExBKOHr4sujslRs5HqIbSqZdPKGnmw4drE9Tp5UPu','Peserta',126),(137,'rezaisnaenih391@mail.com','$2b$10$UUwmsWritH5BExBKOHr4sujslRs5HqIbSqZdPKGnmw4drE9Tp5UPu','Peserta',145),(138,'riangdwilaura15@mail.com','$2b$10$UUwmsWritH5BExBKOHr4sujslRs5HqIbSqZdPKGnmw4drE9Tp5UPu','Peserta',12),(139,'rivaamanita393@mail.com','$2b$10$UUwmsWritH5BExBKOHr4sujslRs5HqIbSqZdPKGnmw4drE9Tp5UPu','Peserta',55),(140,'rizkytirtanugraha861@mail.com','$2b$10$UUwmsWritH5BExBKOHr4sujslRs5HqIbSqZdPKGnmw4drE9Tp5UPu','Peserta',125),(141,'rizqiarifiannurhidayat274@mail.com','$2b$10$UUwmsWritH5BExBKOHr4sujslRs5HqIbSqZdPKGnmw4drE9Tp5UPu','Peserta',8),(142,'roihanahsiddiqoh792@mail.com','$2b$10$UUwmsWritH5BExBKOHr4sujslRs5HqIbSqZdPKGnmw4drE9Tp5UPu','Peserta',9),(143,'rwidyamustika861@mail.com','$2b$10$UUwmsWritH5BExBKOHr4sujslRs5HqIbSqZdPKGnmw4drE9Tp5UPu','Peserta',103),(144,'salsabilacalysapurnama692@mail.com','$2b$10$UUwmsWritH5BExBKOHr4sujslRs5HqIbSqZdPKGnmw4drE9Tp5UPu','Peserta',136),(145,'salsabilaqotrunnada933@mail.com','$2b$10$UUwmsWritH5BExBKOHr4sujslRs5HqIbSqZdPKGnmw4drE9Tp5UPu','Peserta',148),(146,'salsatyanasyahira808@mail.com','$2b$10$UUwmsWritH5BExBKOHr4sujslRs5HqIbSqZdPKGnmw4drE9Tp5UPu','Peserta',106),(147,'sazqianabellarossa828@mail.com','$2b$10$UUwmsWritH5BExBKOHr4sujslRs5HqIbSqZdPKGnmw4drE9Tp5UPu','Peserta',42),(148,'sholahuddin715@mail.com','$2b$10$tmVJ.N8t6RNLPDifv.sPTOm.2UmOn6JUrP.fzMrfFzs7fUS1c0fQO','Peserta',156),(149,'syabrinadwisyahani163@mail.com','$2b$10$UUwmsWritH5BExBKOHr4sujslRs5HqIbSqZdPKGnmw4drE9Tp5UPu','Peserta',102),(150,'syafikaizawatiaura468@mail.com','$2b$10$UUwmsWritH5BExBKOHr4sujslRs5HqIbSqZdPKGnmw4drE9Tp5UPu','Peserta',118),(151,'syairaamaliaputrikamal757@mail.com','$2b$10$UUwmsWritH5BExBKOHr4sujslRs5HqIbSqZdPKGnmw4drE9Tp5UPu','Peserta',150),(152,'syavinajannah158@mail.com','$2b$10$UUwmsWritH5BExBKOHr4sujslRs5HqIbSqZdPKGnmw4drE9Tp5UPu','Peserta',99),(153,'syfifaardhanova356@mail.com','$2b$10$UUwmsWritH5BExBKOHr4sujslRs5HqIbSqZdPKGnmw4drE9Tp5UPu','Peserta',51),(154,'syifaemiliaputri242@mail.com','$2b$10$UUwmsWritH5BExBKOHr4sujslRs5HqIbSqZdPKGnmw4drE9Tp5UPu','Peserta',63),(155,'tiaerfiana202@mail.com','$2b$10$UUwmsWritH5BExBKOHr4sujslRs5HqIbSqZdPKGnmw4drE9Tp5UPu','Peserta',32),(156,'tirtawulansarih962@mail.com','$2b$10$UUwmsWritH5BExBKOHr4sujslRs5HqIbSqZdPKGnmw4drE9Tp5UPu','Peserta',49),(157,'tririzkqiramadhani197@mail.com','$2b$10$UUwmsWritH5BExBKOHr4sujslRs5HqIbSqZdPKGnmw4drE9Tp5UPu','Peserta',137),(158,'ulimardiyahwulandari908@mail.com','$2b$10$bhVP3dlhwAQfavgqCYL/q.vc6x72DCclrIqdh9kXHBaZc5w.AkVXq','Peserta',158),(159,'yatmanurcahyoramadhan368@mail.com','$2b$10$UUwmsWritH5BExBKOHr4sujslRs5HqIbSqZdPKGnmw4drE9Tp5UPu','Peserta',132),(160,'yogapanduwicaksono851@mail.com','$2b$10$UUwmsWritH5BExBKOHr4sujslRs5HqIbSqZdPKGnmw4drE9Tp5UPu','Peserta',85),(161,'zadawirayudasugiarto630@mail.com','$2b$10$UUwmsWritH5BExBKOHr4sujslRs5HqIbSqZdPKGnmw4drE9Tp5UPu','Peserta',140),(162,'zakkyqaswafalahuddin456@mail.com','$2b$10$UUwmsWritH5BExBKOHr4sujslRs5HqIbSqZdPKGnmw4drE9Tp5UPu','Peserta',33),(163,'zulazizahadellaimani548@mail.com','$2b$10$UUwmsWritH5BExBKOHr4sujslRs5HqIbSqZdPKGnmw4drE9Tp5UPu','Peserta',64),(168,'adminBTKP@gmail.com','$2y$10$FotFy0.fzgaLk0vydYfJWeHiJ3XYBh3ZLOLK75isFAskXR4Yr88du','Admin',NULL),(170,'arnoldus@gmail.com','$2b$10$ZBo6NKt5vnXep9KgKlL79esKVvL9q0tuhjf3K2L2FsGWAyAFlaDhK','Peserta',170),(174,'reg@gmail.com','$2b$10$ZGwX8yJsVtKx5rewoI0e4.m6tlZAIUnwdPgubryVDM10JPHxuWMH6','Peserta',220),(175,'syuaib@gmail.com','$2b$10$fdGmnQ3dzEqtp1M4OWzqGek.1v.exbSehNaJjiz4P00Y7FGOrRXqm','Peserta',221),(176,'andi@gmail.com','$2b$10$SaeNee9F0xN92rd/IOjoW.yuLMSne2JOjTd.XNS.pAYl3qJt1NdWq','Peserta',204),(177,'irula5190@gmail.com','$2b$10$vo5BfcE9aUoXc6f4ZLDFUuNkr2lDmWbwM4FzRSocqRYm/l9SP8d6S','Peserta',222);
/*!40000 ALTER TABLE `users` ENABLE KEYS */;
UNLOCK TABLES;
/*!40103 SET TIME_ZONE=@OLD_TIME_ZONE */;

/*!40101 SET SQL_MODE=@OLD_SQL_MODE */;
/*!40014 SET FOREIGN_KEY_CHECKS=@OLD_FOREIGN_KEY_CHECKS */;
/*!40014 SET UNIQUE_CHECKS=@OLD_UNIQUE_CHECKS */;
/*!40101 SET CHARACTER_SET_CLIENT=@OLD_CHARACTER_SET_CLIENT */;
/*!40101 SET CHARACTER_SET_RESULTS=@OLD_CHARACTER_SET_RESULTS */;
/*!40101 SET COLLATION_CONNECTION=@OLD_COLLATION_CONNECTION */;
/*!40111 SET SQL_NOTES=@OLD_SQL_NOTES */;

-- Dump completed on 2026-07-10 18:05:36
